publication_title,print_identifier,online_identifier,date_first_issue_online,num_first_vol_online,num_first_issue_online,date_last_issue_online,num_last_vol_online,num_last_issue_online,title_url,first_author,title_id,embargo_info,coverage_depth,coverage_notes,publisher_name,identifier.jusp,hybrid_oa
"3 Biotech","","2190-5738",2011-01-01,1,,,,,"http://link.springer.com/journal/13205",,"","","fulltext","Open Access","Springer Berlin Heidelberg","6416","null"
"Advances in Difference Equations","","1687-1847",2011-01-01,,,,,,"http://link.springer.com/journal/13662",,"","","fulltext","Open Access","Springer International Publishing, CH","7240","null"
"AMB Express","","2191-0855",2011-01-01,1,,,,,"http://link.springer.com/journal/13568",,"","","fulltext","Open Access","Springer Berlin Heidelberg","6420","null"
"Annals of Intensive Care","","2110-5820",2011-01-01,1,,,,,"http://link.springer.com/journal/13613",,"","","fulltext","Open Access","Springer Paris","6540","null"
"Applied Nanoscience","","2190-5517",2011-01-01,1,,,,,"http://link.springer.com/journal/13204",,"","","fulltext","Open Access","Springer Berlin Heidelberg","6423","null"
"Applied Petrochemical Research","2190-5525","2190-5533",2011-01-01,1,,,,,"http://link.springer.com/journal/13203",,"","","fulltext","Open Access","Springer Berlin Heidelberg","6424","null"
"Applied Water Science","","2190-5495",2011-01-01,1,,,,,"http://link.springer.com/journal/13201",,"","","fulltext","Open Access","Springer Berlin Heidelberg","6425","null"
"Biointerphases","1934-8630","1559-4106",2006-01-01,1,,2013-12-31,8,,"http://link.springer.com/journal/13758",,"","","fulltext","Transfer out (2014): American Institute of Physics","Springer Berlin Heidelberg","11545","null"
"Biologics in Therapy","","2190-9164",2011-01-01,1,,2015-12-31,5,,"http://link.springer.com/journal/13354",,"","","fulltext","ceased 2016. Available in electronic format only. Open Access; Springer Open","Springer Healthcare","6426","null"
"Boundary Value Problems","","1687-2770",2011-01-01,2011,,,,,"http://link.springer.com/journal/13661",,"","","fulltext","Open Access","Springer International Publishing, CH","7242","null"
"Bulletin of Mathematical Sciences","","1664-3615",2011-01-01,1,,,,,"http://link.springer.com/journal/13373",,"","","fulltext","Open Access","Springer Basel","6346","null"
"Chemistry Central Journal","","1752-153X",2007-01-01,1,,,,,"http://link.springer.com/journal/13065",,"","","fulltext","merge (2016): Organic and Medicinal Chemistry Letters. open access","Chemistry Central","6111","null"
"Combination Products in Therapy","","2190-9180",2011-01-01,1,,,,,"http://link.springer.com/journal/13556",,"","","fulltext","Open Access","Springer Healthcare","6430","null"
"Communications in Mobile Computing","","2192-1121",2012-01-01,1,,,,,"http://link.springer.com/journal/13678",,"","","fulltext","Open Access","Springer Berlin Heidelberg","7243","null"
"Dermatology and Therapy","","2190-9172",2011-01-01,1,,,,,"http://link.springer.com/journal/13555",,"","","fulltext","Open Access","Springer Healthcare","6429","null"
"Ecological Processes","","2192-1709",2012-01-01,1,,,,,"http://link.springer.com/journal/13717",,"","","fulltext","Open Access","Springer Berlin Heidelberg","7244","null"
"EJNMMI Research","","2191-219X",2011-01-01,1,,,,,"http://link.springer.com/journal/13550",,"","","fulltext","Open Access","Springer Berlin Heidelberg","6406","null"
"Energy, Sustainability and Society","","2192-0567",2011-01-01,1,,,,,"http://link.springer.com/journal/13705",,"","","fulltext","Open Access","Springer Berlin Heidelberg","17927","null"
"EURASIP Journal on Advances in Signal Processing","","1687-6180",2011-01-01,2011,,,,,"http://link.springer.com/journal/13634",,"","","fulltext","Open Access","Springer International Publishing, CH","6617","null"
"EURASIP Journal on Audio, Speech, and Music Processing","","1687-4722",2011-01-01,2011,,,,,"http://link.springer.com/journal/13636",,"","","fulltext","Open Access","Springer International Publishing, CH","7246","null"
"EURASIP Journal on Bioinformatics and Systems Biology","1687-4145","1687-4153",2011-01-01,2011,,,,,"http://link.springer.com/journal/13637",,"","","fulltext","Open Access","Springer International Publishing, CH","7278","null"
"EURASIP Journal on Embedded Systems","","1687-3963",2011-01-01,2011,,,,,"http://link.springer.com/journal/13639",,"","","fulltext","Open Access","Springer International Publishing, CH","7279","null"
"EURASIP Journal on Image and Video Processing","1687-5176","1687-5281",2011-01-01,2011,,,,,"http://link.springer.com/journal/13640",,"","","fulltext","Open Access","Springer International Publishing, CH","7280","null"
"EURASIP Journal on Information Security","","1687-417X",2011-01-01,2011,,,,,"http://link.springer.com/journal/13635",,"","","fulltext","Open Access","Springer International Publishing, CH","7281","null"
"EURASIP Journal on Wireless Communications and Networking","","1687-1499",2011-01-01,2011,,,,,"http://link.springer.com/journal/13638",,"","","fulltext","Open Access","Springer International Publishing, CH","7282","null"
"EUROPEAN Transport Research Review","","1866-8887",2009-01-01,1,,,,,"http://link.springer.com/journal/12544",,"","","fulltext","Open Access","Springer Berlin Heidelberg","4676","null"
"Fixed Point Theory and Applications","","1687-1812",2011-01-01,2011,,,,,"http://link.springer.com/journal/13663",,"","","fulltext","Open Access","Springer International Publishing, CH","7283","null"
"Geochemical Transactions","","1467-4866",2000-01-01,1,,,,,"http://link.springer.com/journal/12932",,"","","fulltext","Open Access","Chemistry Central","6137","null"
"Health Economics Review","","2191-1991",2011-01-01,1,,,,,"http://link.springer.com/journal/13561",,"","","fulltext","Open Access","Springer Berlin Heidelberg","6433","null"
"Human-Centric Computing and Information Sciences","","2192-1962",2011-01-01,1,,,,,"http://www.hcis-journal.com",,"","","fulltext","Open Access","Springer Berlin Heidelberg","7285","null"
"International Aquatic Research","","2008-6970",2012-01-01,,,,,,"http://link.springer.com/journal/40071",,"","","fulltext","Open Access","Springer Berlin Heidelberg","11560","null"
"International Journal of Advanced Structural Engineering","","2008-6695",2012-01-01,,,,,,"http://link.springer.com/journal/40091",,"","","fulltext","Open Access","Springer Berlin Heidelberg","11562","null"
"International Journal of Disaster Risk Science","2095-0055","2192-6395",2010-01-01,1,,,,,"http://link.springer.com/journal/13753",,"","","fulltext","Open Access","Beijing Normal University Press, co-published with Springer","7440","null"
"International Journal of Emergency Medicine","1865-1372","1865-1380",2008-01-01,1,,,,,"http://link.springer.com/journal/12245",,"","","fulltext","Open Access","Springer London","4645","null"
"International Journal of Energy and Environmental Engineering","2008-9163","",2011-01-01,,,,,,"http://link.springer.com/journal/40095",,"","","fulltext","Open Access","Springer Berlin Heidelberg","12849","null"
"International Journal of Industrial Chemistry","","2228-5547",2012-01-01,,,,,,"http://link.springer.com/journal/40090",,"","","fulltext","Open Access","Springer Berlin Heidelberg","11564","null"
"International Journal of Recycling of Organic Waste in Agriculture","","2251-7715",2012-01-01,1,,,,,"http://link.springer.com/journal/40093",,"","","fulltext","Open Access","Springer Berlin Heidelberg","13330","null"
"International Nano Letters","","2228-5326",2012-01-01,,,,,,"http://link.springer.com/journal/40089",,"","","fulltext","Open Access","Springer Berlin Heidelberg","11566","null"
"Journal of Applied Volcanology","","2191-5040",2011-01-01,1,,,,,"http://link.springer.com/journal/13617",,"","","fulltext","Open Access","Springer Berlin Heidelberg","6555","null"
"Journal of Cheminformatics","","1758-2946",2009-01-01,1,,,,,"http://link.springer.com/journal/13321",,"","","fulltext","Open Access","Chemistry Central","6166","null"
"Journal of Cloud Computing","","2192-113X",2011-01-01,1,,,,,"http://www.journalofcloudcomputing.com/",,"","","fulltext","Open Access","Springer Berlin Heidelberg","7288","null"
"Journal of Economic Structures","","2193-2409",2012-01-01,,,,,,"http://link.springer.com/journal/40008",,"","","fulltext","Open Access","Springer Berlin Heidelberg","11568","null"
"Journal of Innovation and Entrepreneurship","","2192-5372",2012-01-01,1,,,,,"http://link.springer.com/journal/13731",,"","","fulltext","Open Access","Springer Berlin Heidelberg","11570","null"
"Journal of Mathematics in Industry","","2190-5983",2011-01-01,1,,,,,"http://link.springer.com/journal/13362",,"","","fulltext","Open Access","Springer Berlin Heidelberg","6435","null"
"Journal of Nanostructure in Chemistry","","2193-8865",2011-01-01,,,,,,"http://link.springer.com/journal/40097",,"","","fulltext","Open Access","Springer Berlin Heidelberg","13404","null"
"Journal of Ophthalmic Inflammation and Infection","","1869-5760",2011-01-01,1,,,,,"http://link.springer.com/journal/12348",,"","","fulltext","Open Access","Springer Berlin Heidelberg","5162","null"
"Journal of Orthopaedics and Traumatology","1590-9921","1590-9999",2000-10-01,1,1,,,,"http://link.springer.com/journal/10195",,"","","fulltext","Open Access","Springer Milan","4296","null"
"Journal of Petroleum Exploration and Production Technology","","2190-0566",2011-01-01,1,,,,,"http://link.springer.com/journal/13202",,"","","fulltext","Open Access","Springer Berlin Heidelberg","6436","null"
"Journal of Remanufacturing","","2210-4690",2011-01-01,1,,,,,"http://link.springer.com/journal/13243",,"","","fulltext","Open Access","Springer Netherlands","6438","null"
"Journal of Systems Chemistry","","1759-2208",2010-01-01,1,,2015-03-01,6,,"http://link.springer.com/journal/13322",,"","","fulltext","ceased 2016. Open Access","Chemistry Central","6556","null"
"Journal of Theoretical and Applied Physics","","2251-7235",2011-01-01,,,,,,"http://link.springer.com/journal/40094",,"","","fulltext","Open Access","Springer Berlin Heidelberg","13339","null"
"Multilingual Education","","2191-5059",2011-01-01,1,,,,,"http://link.springer.com/journal/13616",,"","","fulltext","Open Access","Springer Berlin Heidelberg","6559","null"
"Nanoscale Research Letters","","1556-276X",2006-01-01,1,,,,,"http://link.springer.com/journal/11671",,"","","fulltext","Open Access","Springer New York","4808","null"
"Natural Products and Bioprospecting","","2192-2209",2011-01-01,1,,,,,"http://link.springer.com/journal/13659",,"","","fulltext","Open Access","Springer, co-published with Kunming Institute of Botany, Chinese Academy of Sciences","7290","null"
"Optical Nanoscopy","","2192-2853",2012-01-01,1,,2015-12-31,4,,"http://link.springer.com/journal/13689",,"","","fulltext","ceased 2016. Open Access","Springer Berlin Heidelberg","11584","null"
"Organic and Medicinal Chemistry Letters","","2191-2858",2011-01-01,1,,,,,"http://link.springer.com/journal/13588",,"","","fulltext","merge (2016): Chemistry Central Journal. Open Access","Springer Berlin Heidelberg","6603","null"
"Pastoralism","","2041-7136",2011-03-01,1,,,,,"http://www.springerlink.com/content/2041-7136/",,"","","","","Springer Netherlands","6440","null"
"Photonic Sensors","1674-9251","2190-7439",2011-03-01,1,1,,,,"http://link.springer.com/journal/13320",,"","","fulltext","Chinese Library of Science. Open Access","University of Electronic Science and Technology of China, co-published with Springer","5411","null"
"Planetary Science","","2191-2521",2011-01-01,1,,,,,"http://link.springer.com/journal/13535",,"","","fulltext","Open Access","Springer New York","6560","null"
"Psychology of Well-Being","","2211-1522",2011-01-01,1,,,,,"http://www.springerlink.com/content/2211-1522/",,"","","","","Springer Berlin Heidelberg","6604","null"
"Security Informatics","","2190-8532",2012-01-01,1,,,,,"http://link.springer.com/journal/13388",,"","","fulltext","Open Access","Springer Berlin Heidelberg","6442","null"
"SERIEs","1869-4187","1869-4195",2010-01-01,1,,,,,"http://link.springer.com/journal/13209",,"","","fulltext","Open Access","Springer Berlin Heidelberg","5206","null"
"SpringerPlus","","2193-1801",2012-01-01,1,,2016-12-31,5,,"http://link.springer.com/journal/40064",,"","","fulltext","Open Access. Ceased: 2016","Springer International Publishing, CH","12157","null"
"Strategies in Trauma and Limb Reconstruction","","1828-8928",2006-12-01,1,1,,,,"http://link.springer.com/journal/11751",,"","","fulltext","Open Access","Springer Milan","4588","null"
"The Journal of Mathematical Neuroscience","","2190-8567",2011-12-01,1,1,,,,"http://link.springer.com/journal/13408",,"","","fulltext","Open Access","Springer Berlin Heidelberg","6443","null"
"Insights into Imaging","","1869-4101",2010-01-01,1,,,,,"http://link.springer.com/journal/13244",,"","","fulltext","Open Access","Springer Berlin Heidelberg","5136","null"
"Journal of Inequalities and Applications","","1029-242X",2011-01-01,2011,,,,,"http://link.springer.com/journal/13660",,"","","fulltext","Open Access","Springer International Publishing, CH","7289","null"
"Diabetes Therapy","","1869-6961",2010-01-01,1,,,,,"http://link.springer.com/journal/13300",,"","","fulltext","Open Access","Springer Healthcare","5317","null"
"Journal of Cachexia, Sarcopenia and Muscle","2190-5991","2190-6009",2010-01-01,1,,2014-12-31,5,4,"http://link.springer.com/journal/13539",,"","","fulltext","transfer out (2016): Wiley. Open access","Springer Berlin Heidelberg","5410","null"
"Autoimmunity Highlights","2038-0305","2038-3274",2010-05-01,1,1,,,,"http://link.springer.com/journal/13317",,"","","fulltext","Open Access","","5371","null"
"Cancer Nanotechnology","1868-6958","1868-6966",2010-12-01,1,1,,,,"http://link.springer.com/journal/12645",,"","","fulltext","Open Access","","5097","null"
"Journal of Children's Orthopaedics","1863-2521","1863-2548",2007-03-01,1,1,,,,"http://link.springer.com/journal/11832",,"","","fulltext","Open Access","","4619","null"
"Journal of Internet Services and Applications","1867-4828","1869-0238",2010-05-01,1,1,,,,"http://link.springer.com/journal/13174",,"","","fulltext","Open Access","","5157","null"
"Logistics Research","1865-035X","1865-0368",2009-03-01,1,1,,,,"http://link.springer.com/journal/12159",,"","","fulltext","Open Access","","4642","null"
"Protein & Cell","1674-800X","1674-8018",2010-01-01,1,1,,,,"http://link.springer.com/journal/13238",,"","","fulltext","Chinese Library of Science. Open Access","","5194","null"
"The European Physical Journal C - Particles and Fields","1434-6044","1434-6052",1998-03-01,1,1,,,,"http://link.springer.com/journal/10052",,"","","fulltext","Funded by SCOAP3. Open Access","","3841","null"
"Journal of Biomedical Science ","1021-7770","1423-0127",1993-12-01,1,1,,,,"http://link.springer.com/journal/12929",,"","","fulltext","Open Access","S. Karger AG","2961","null"
"Journal of High Energy Physics","1126-6708","1029-8479",2010-01-01,,1,,,,"http://link.springer.com/journal/13130",,"","","fulltext","Funded by SCOAP3. Open Access","IOP","5156","null"
"Environmental Sciences Europe","","2190-4715",2011-01-01,23,,,,,"http://link.springer.com/journal/12302",,"","","fulltext","pre 2011 is only selected articles OA","Springer Berlin Heidelberg","6498","null"
"Poiesis & Praxis","","1615-6617",2011-01-01,8,,,,,"http://link.springer.com/journal/10202",,"","","fulltext","pre 2011 not marked as OA","Springer Berlin Heidelberg","4345","null"
"Rice","1939-8425","1939-8433",2008-09-01,1,1,,,,"http://link.springer.com/journal/12284",,"","","fulltext","Open Access","Springer New York","4840","null"
"The EPMA Journal","1878-5077","1878-5085",2012-01-01,3,,,,,"http://link.springer.com/journal/13167",,"","","fulltext","pre 2012 is only selected articles OA","Springer Netherlands","5216","null"
"The HUGO Journal","1877-6558","1877-6566",2012-01-01,6,,2015-03-01,9,,"http://link.springer.com/journal/11568",,"","","fulltext","Ceased 2016. pre 2012 is only selected articles OA. ","Springer Netherlands","5218","null"
"The Journal of Headache and Pain","1129-2369","1129-2377",2011-01-01,12,,,,,"http://link.springer.com/journal/10194",,"","","fulltext","pre 2011 is not marked OA","Springer Milan","3410","null"
"SCIENCE CHINA Life Sciences","1674-7305","1869-1889",1997-02-01,40,1,,,,"http://link.springer.com/journal/11427",,"","","fulltext","Chinese Library of Science. Open Access","Science China Press, co-published with Springer","5203","null"
"Critical Ultrasound Journal","2036-3176","2036-7902",2009-10-01,1,1,,,,"http://link.springer.com/journal/13089",,"","","fulltext","Open Access","Springer Milan","7652","null"
"Andrologie","1166-2654","1760-5377",1997-01-01,31/12/2012,,,,,"http://link.springer.com/12610",,"","","fulltext","Now: Basic and Clinical Andrology. Open Access","","3427","null"
"Earthquake Science","1674-4519","1867-8777",2009-01-01,22,3,,,,"http://link.springer.com/journal/11589",,"","","fulltext","previously: Acta Seismologica Sinica. Open Access; Seismological Society of China, co-published with Springer.  Chinese Library of Science","","4454","null"
"European Review of Aging and Physical Activity","1813-7253","1861-6909",2006-05-01,3,1,,,,"http://link.springer.com/journal/11556",,"","","fulltext","Open Access","","4583","null"
"European View","1781-6858","1865-5831",2007-12-01,6,1,,,,"http://link.springer.com/journal/12290",,"","","fulltext","Open Access","","4578","null"
"Evolution: Education and Outreach","1936-6426","1936-6434",2008-01-01,1,1,,,,"http://link.springer.com/journal/12052",,"","","fulltext","Open Access","","4828","null"
"Journal of the Brazilian Computer Society","0104-6500","1678-4804",2004-02-01,10,1,,,,"http://link.springer.com/journal/13173",,"","","fulltext","Open Access","","5167","null"
"Petroleum Science","1672-5107","1995-8226",2007-03-01,4,1,,,,"http://link.springer.com/journal/12182",,"","","fulltext","Petroleum Science became open access in 2015. All articles published by then are freely available online. China University of Petroleum (Beijing), co-published with Springer","","4414","null"
"Alzheimer's Research & Therapy","","1758-9193",2015-01-01,1,1,,,,"http://link.springer.com/journal/13195",,"","","fulltext","Open Access","BioMed Central Ltd","6026","null"
"Breast Cancer Research","1465-5411","1465-542X",2015-12-01,1,1,,,,"http://link.springer.com/journal/13058",,"","","fulltext","Open Access","BioMed Central Ltd","6103","null"
"Genome Biology","1474-7596","1474-760X",2000-02-01,1,1,,,,"http://link.springer.com/journal/13059",,"","","fulltext","Open Access","BioMed Central Ltd","89942","null"
"Genome Medicine","","1756-994X",2009-01-01,1,1,,,,"http://link.springer.com/journal/13073",,"","","fulltext","Open Access","BioMed Central Ltd","6136","null"
"Stem Cell Research & Therapy","","1757-6512",2010-03-01,1,1,,,,"http://link.springer.com/journal/13287",,"","","fulltext","Open Access","BioMed Central Ltd","6227","null"
"Acta Veterinaria Scandinavica","0044-605X","1751-0147",2001-03-01,42,1,,,,"http://link.springer.com/journal/13028",,"","","fulltext","Open Access","BioMed Central Ltd","6022","null"
"Addiction Science & Clinical Practice","1940-0632","1940-0640",2012-12-01,7,1,,,,"http://link.springer.com/journal/13722",,"","","fulltext","Open Access","BioMed Central Ltd","7239","null"
"Agriculture & Food Security","","2048-7010",2012-12-01,1,1,,,,"http://link.springer.com/journal/40066",,"","","fulltext","Open Access","BioMed Central Ltd","11543","null"
"Algorithms for Molecular Biology","","1748-7188",2006-12-01,1,1,,,,"http://link.springer.com/journal/13015",,"","","fulltext","Open Access","BioMed Central Ltd","6024","null"
"Allergy, Asthma & Clinical Immunology","","1710-1492",2004-10-01,1,1,,,,"http://link.springer.com/journal/13223",,"","","fulltext","Open Access","BioMed Central Ltd","6025","null"
"Annals of Clinical Microbiology and Antimicrobials","","1476-0711",2002-12-01,1,1,,,,"http://link.springer.com/journal/12941",,"","","fulltext","Open Access","BioMed Central Ltd","6027","null"
"Annals of General Psychiatry","","1744-859X",2002-12-01,1,1,,,,"http://link.springer.com/journal/12991",,"","","fulltext","Open Access","BioMed Central Ltd","6028","null"
"Annals of Surgical Innovation and Research","","1750-1164",2007-12-01,1,1,,,,"http://link.springer.com/journal/13022",,"","","fulltext","Open Access","BioMed Central Ltd","6029","null"
"Antimicrobial Resistance and Infection Control","","2047-2994",2012-12-01,1,1,,,,"http://link.springer.com/journal/13756",,"","","fulltext","Open Access","BioMed Central Ltd","11544","null"
"Aquatic Biosystems","","2046-9063",2005-12-01,1,1,2015-12-01,11,,"http://link.springer.com/journal/12999",,"","","fulltext","ceased 2016. Available in electronic format only. Open Access; BioMed Central","BioMed Central Ltd","12829","null"
"Asia Pacific Family Medicine","1444-1683","1447-056X",2008-12-01,7,1,,,,"http://link.springer.com/journal/12930",,"","","fulltext","Open Access","BioMed Central Ltd","201641","null"
"BMC Anesthesiology","","1471-2253",2001-12-01,1,1,,,,"http://link.springer.com/journal/12871",,"","","fulltext","Open Access","BioMed Central Ltd","6039","null"
"BMC Biochemistry","","1471-2091",2000-12-01,1,1,,,,"http://link.springer.com/journal/12858",,"","","fulltext","Open Access","BioMed Central Ltd","6040","null"
"BMC Bioinformatics","","1471-2105",2000-12-01,1,1,,,,"http://link.springer.com/journal/12859",,"","","fulltext","Open Access","BioMed Central Ltd","6041","null"
"BMC Biology","","1741-7007",2003-12-01,1,1,,,,"http://link.springer.com/journal/12915",,"","","fulltext","Open Access","BioMed Central Ltd","6042","null"
"BMC Biophysics","","2046-1682",2011-12-01,4,1,,,,"http://link.springer.com/journal/13628",,"","","fulltext","Open Access","BioMed Central Ltd","6541","null"
"BMC Biotechnology","","1472-6750",2001-12-01,1,1,,,,"http://link.springer.com/journal/12896",,"","","fulltext","Open Access","BioMed Central Ltd","6043","null"
"BMC Blood Disorders","","1471-2326",2001-12-01,1,1,2012-12-31,12,1,"http://link.springer.com/journal/12878",,"","","fulltext","OA. Now: BMC Hematology","BioMed Central Ltd","6044","null"
"BMC Cancer","","1471-2407",2001-12-01,1,1,,,,"http://link.springer.com/journal/12885",,"","","fulltext","Open Access","BioMed Central Ltd","6045","null"
"BMC Cardiovascular Disorders","","1471-2261",2001-12-01,1,1,,,,"http://link.springer.com/journal/12872",,"","","fulltext","Open Access","BioMed Central Ltd","6046","null"
"BMC Cell Biology","","1471-2121",2000-12-01,1,1,,,,"http://link.springer.com/journal/12860",,"","","fulltext","Open Access","BioMed Central Ltd","6047","null"
"BMC Clinical Pathology","","1472-6890",2001-12-01,1,1,,,,"http://link.springer.com/journal/12907",,"","","fulltext","Open Access","BioMed Central Ltd","6049","null"
"BMC Complementary and Alternative Medicine","","1472-6882",2001-12-01,1,1,,,,"http://link.springer.com/journal/12906",,"","","fulltext","Open Access","BioMed Central Ltd","6051","null"
"BMC Dermatology","","1471-5945",2001-12-01,1,1,,,,"http://link.springer.com/journal/12895",,"","","fulltext","Open Access","BioMed Central Ltd","6052","null"
"BMC Developmental Biology","","1471-213X",2001-12-01,1,1,,,,"http://link.springer.com/journal/12861",,"","","fulltext","Open Access","BioMed Central Ltd","6053","null"
"BMC Ear, Nose and Throat Disorders","","1472-6815",2001-12-01,1,1,,,,"http://link.springer.com/journal/12901",,"","","fulltext","Open Access","BioMed Central Ltd","6054","null"
"BMC Ecology","","1472-6785",2001-12-01,1,1,,,,"http://link.springer.com/journal/12898",,"","","fulltext","Open Access","BioMed Central Ltd","6055","null"
"BMC Emergency Medicine","","1471-227X",2001-12-01,1,1,,,,"http://link.springer.com/journal/12873",,"","","fulltext","Open Access","BioMed Central Ltd","6056","null"
"BMC Endocrine Disorders","","1472-6823",2001-12-01,1,1,,,,"http://link.springer.com/journal/12902",,"","","fulltext","Open Access","BioMed Central Ltd","6057","null"
"BMC Evolutionary Biology","","1471-2148",2001-12-01,1,1,,,,"http://link.springer.com/journal/12862",,"","","fulltext","Open Access","BioMed Central Ltd","6058","null"
"BMC Family Practice","","1471-2296",2000-12-01,1,1,,,,"http://link.springer.com/journal/12875",,"","","fulltext","Open Access","BioMed Central Ltd","6059","null"
"BMC Gastroenterology","","1471-230X",2001-12-01,1,1,,,,"http://link.springer.com/journal/12876",,"","","fulltext","Open Access","BioMed Central Ltd","6060","null"
"BMC Genetics","","1471-2156",2000-12-01,1,1,,,,"http://link.springer.com/journal/12863",,"","","fulltext","Open Access","BioMed Central Ltd","6061","null"
"BMC Genomics","","1471-2164",2000-12-01,1,1,,,,"http://link.springer.com/journal/12864",,"","","fulltext","Open Access","BioMed Central Ltd","6062","null"
"BMC Geriatrics","","1471-2318",2001-12-01,1,1,,,,"http://link.springer.com/journal/12877",,"","","fulltext","Open Access","BioMed Central Ltd","6063","null"
"BMC Health Services Research","","1472-6963",2001-12-01,1,1,,,,"http://link.springer.com/journal/12913",,"","","fulltext","Open Access","BioMed Central Ltd","6064","null"
"BMC Immunology","","1471-2172",2000-12-01,1,1,,,,"http://link.springer.com/journal/12865",,"","","fulltext","Open Access","BioMed Central Ltd","6065","null"
"BMC Infectious Diseases","","1471-2334",2001-12-01,1,1,,,,"http://link.springer.com/journal/12879",,"","","fulltext","Open Access","BioMed Central Ltd","6066","null"
"BMC International Health and Human Rights","","1472-698X",2001-12-01,1,1,,,,"http://link.springer.com/journal/12914",,"","","fulltext","Open Access","BioMed Central Ltd","6067","null"
"BMC Medical Education","","1472-6920",2001-12-01,1,1,,,,"http://link.springer.com/journal/12909",,"","","fulltext","Open Access","BioMed Central Ltd","6068","null"
"BMC Medical Ethics","","1472-6939",2000-12-01,1,1,,,,"http://link.springer.com/journal/12910",,"","","fulltext","Open Access","BioMed Central Ltd","6069","null"
"BMC Medical Genetics","","1471-2350",2000-12-01,1,1,,,,"http://link.springer.com/journal/12881",,"","","fulltext","Open Access","BioMed Central Ltd","6070","null"
"BMC Medical Genomics","","1755-8794",2008-12-01,1,1,,,,"http://link.springer.com/journal/12920",,"","","fulltext","Open Access","BioMed Central Ltd","6071","null"
"BMC Medical Imaging","","1471-2342",2001-12-01,1,1,,,,"http://link.springer.com/journal/12880",,"","","fulltext","Open Access","BioMed Central Ltd","6072","null"
"BMC Medical Informatics and Decision Making","","1472-6947",2001-12-01,1,1,,,,"http://link.springer.com/journal/12911",,"","","fulltext","Open Access","BioMed Central Ltd","6073","null"
"BMC Medical Physics","","1756-6649",2001-12-01,1,1,2014-12-31,14,,"http://link.springer.com/journal/12921",,"","","fulltext","Ceased: 2014","BioMed Central Ltd","6074","null"
"BMC Medical Research Methodology","","1471-2288",2001-12-01,1,1,,,,"http://link.springer.com/journal/12874",,"","","fulltext","Open Access","BioMed Central Ltd","6075","null"
"BMC Medicine","","1741-7015",2003-12-01,1,1,,,,"http://link.springer.com/journal/12916",,"","","fulltext","Open Access","BioMed Central Ltd","6076","null"
"BMC Microbiology","","1471-2180",2001-12-01,1,1,,,,"http://link.springer.com/journal/12866",,"","","fulltext","Open Access","BioMed Central Ltd","6077","null"
"BMC Molecular Biology","","1471-2199",2000-12-01,1,1,,,,"http://link.springer.com/journal/12867",,"","","fulltext","Open Access","BioMed Central Ltd","6078","null"
"BMC Musculoskeletal Disorders","","1471-2474",2000-12-01,1,1,,,,"http://link.springer.com/journal/12891",,"","","fulltext","Open Access","BioMed Central Ltd","6079","null"
"BMC Nephrology","","1471-2369",2000-12-01,1,1,,,,"http://link.springer.com/journal/12882",,"","","fulltext","Open Access","BioMed Central Ltd","6080","null"
"BMC Neurology","","1471-2377",2001-12-01,1,1,,,,"http://link.springer.com/journal/12883",,"","","fulltext","Open Access","BioMed Central Ltd","6081","null"
"BMC Neuroscience","","1471-2202",2000-12-01,1,1,,,,"http://link.springer.com/journal/12868",,"","","fulltext","Open Access","BioMed Central Ltd","6082","null"
"BMC Nursing","","1472-6955",2002-12-01,1,1,,,,"http://link.springer.com/journal/12912",,"","","fulltext","Open Access","BioMed Central Ltd","6083","null"
"BMC Ophthalmology","","1471-2415",2001-12-01,1,1,,,,"http://link.springer.com/journal/12886",,"","","fulltext","Open Access","BioMed Central Ltd","6084","null"
"BMC Oral Health","","1472-6831",2001-12-01,1,1,,,,"http://link.springer.com/journal/12903",,"","","fulltext","Open Access","BioMed Central Ltd","6085","null"
"BMC Palliative Care","","1472-684X",2002-12-01,1,1,,,,"http://link.springer.com/journal/12904",,"","","fulltext","Open Access","BioMed Central Ltd","6086","null"
"BMC Pediatrics","","1471-2431",2001-12-01,1,1,,,,"http://link.springer.com/journal/12887",,"","","fulltext","Open Access","BioMed Central Ltd","6087","null"
"BMC Pharmacology and Toxicology","","2050-6511",2012-12-01,13,1,,,,"http://link.springer.com/journal/40360",,"","","fulltext","Open Access","BioMed Central Ltd","17893","null"
"BMC Physiology","","1472-6793",2001-12-01,1,1,,,,"http://link.springer.com/journal/12899",,"","","fulltext","Open Access","BioMed Central Ltd","6089","null"
"BMC Plant Biology","","1471-2229",2001-12-01,1,1,,,,"http://link.springer.com/journal/12870",,"","","fulltext","Open Access","BioMed Central Ltd","6090","null"
"BMC Pregnancy and Childbirth","","1471-2393",2001-12-01,1,1,,,,"http://link.springer.com/journal/12884",,"","","fulltext","Open Access","BioMed Central Ltd","6091","null"
"BMC Proceedings","","1753-6561",2011-12-01,5,1,,,,"http://link.springer.com/journal/12919",,"","","fulltext","Open Access","BioMed Central Ltd","6092","null"
"BMC Psychiatry","","1471-244X",2001-12-01,1,1,,,,"http://link.springer.com/journal/12888",,"","","fulltext","Open Access","BioMed Central Ltd","6093","null"
"BMC Public Health","","1471-2458",2001-12-01,1,1,,,,"http://link.springer.com/journal/12889",,"","","fulltext","Open Access","BioMed Central Ltd","6094","null"
"BMC Pulmonary Medicine","","1471-2466",2001-12-01,1,1,,,,"http://link.springer.com/journal/12890",,"","","fulltext","Open Access","BioMed Central Ltd","6095","null"
"BMC Research Notes","","1756-0500",2008-12-01,1,1,,,,"http://link.springer.com/journal/13104",,"","","fulltext","Open Access","BioMed Central Ltd","6096","null"
"BMC Structural Biology","","1472-6807",2001-12-01,1,1,,,,"http://link.springer.com/journal/12900",,"","","fulltext","Open Access","BioMed Central Ltd","6097","null"
"BMC Surgery","","1471-2482",2001-12-01,1,1,,,,"http://link.springer.com/journal/12893",,"","","fulltext","Open Access","BioMed Central Ltd","6098","null"
"BMC Systems Biology","","1752-0509",2007-06-01,1,1,,,,"http://link.springer.com/journal/12918",,"","","fulltext","Open Access","BioMed Central Ltd","6099","null"
"BMC Urology","","1471-2490",2001-12-01,1,1,,,,"http://link.springer.com/journal/12894",,"","","fulltext","Open Access","BioMed Central Ltd","6100","null"
"BMC Veterinary Research","","1746-6148",2005-12-01,1,1,,,,"http://link.springer.com/journal/12917",,"","","fulltext","Open Access","BioMed Central Ltd","6101","null"
"BMC Women's Health","","1472-6874",2001-12-01,1,1,,,,"http://link.springer.com/journal/12905",,"","","fulltext","Open Access","BioMed Central Ltd","6102","null"
"Behavioral and Brain Functions","","1744-9081",2005-12-01,1,1,,,,"http://link.springer.com/journal/12993",,"","","fulltext","Open Access","BioMed Central Ltd","6033","null"
"BioData Mining","","1756-0381",2008-12-01,1,1,,,,"http://link.springer.com/journal/13040",,"","","fulltext","Open Access","BioMed Central Ltd","6034","null"
"BioMedical Engineering OnLine","","1475-925X",2002-12-01,1,1,,,,"http://link.springer.com/journal/12938",,"","","fulltext","Open Access","BioMed Central Ltd","6036","null"
"BioPsychoSocial Medicine","","1751-0759",2007-12-01,1,1,,,,"http://link.springer.com/journal/13030",,"","","fulltext","Open Access","BioMed Central Ltd","6037","null"
"Biological Procedures Online","","1480-9222",1998-05-01,1,1,,,,"http://link.springer.com/journal/12575",,"","","fulltext","Open Access","BioMed Central Ltd","4898","null"
"Biology Direct","","1745-6150",2006-12-01,1,1,,,,"http://link.springer.com/journal/13062",,"","","fulltext","Open Access","BioMed Central Ltd","6035","null"
"Biology of Mood & Anxiety Disorders","","2045-5380",2011-12-01,1,1,2015-12-31,5,,"http://link.springer.com/journal/13587",,"","","fulltext","ceased 2016. Available in electronic format only. Open Access; BioMed Central","BioMed Central Ltd","12145","null"
"Biology of Sex Differences","","2042-6410",2010-12-01,1,1,,,,"http://link.springer.com/journal/13293",,"","","fulltext","Open Access","BioMed Central Ltd","6599","null"
"Biotechnology for Biofuels","","1754-6834",2008-12-01,1,1,,,,"http://link.springer.com/journal/13068",,"","","fulltext","Open Access","BioMed Central Ltd","6038","null"
"Cancer Cell International","","1475-2867",2001-12-01,1,1,,,,"http://link.springer.com/journal/12935",,"","","fulltext","Open Access","BioMed Central Ltd","6104","null"
"Carbon Balance and Management","","1750-0680",2006-12-01,1,1,,,,"http://link.springer.com/journal/13021",,"","","fulltext","Open Access","BioMed Central Ltd","6105","null"
"Cardiovascular Diabetology","","1475-2840",2002-12-01,1,1,,,,"http://link.springer.com/journal/12933",,"","","fulltext","Open Access","BioMed Central Ltd","6106","null"
"Cardiovascular Ultrasound","","1476-7120",2003-12-01,1,1,,,,"http://link.springer.com/journal/12947",,"","","fulltext","Open Access","BioMed Central Ltd","6107","null"
"Cell & Bioscience","","2045-3701",2011-12-01,1,1,,,,"http://link.springer.com/journal/13578",,"","","fulltext","Open Access","BioMed Central Ltd","6542","null"
"Cell Communication and Signaling","","1478-811X",2003-12-01,1,1,,,,"http://link.springer.com/journal/12964",,"","","fulltext","Open Access","BioMed Central Ltd","6108","null"
"Cell Division","","1747-1028",2006-12-01,1,1,,,,"http://link.springer.com/journal/13008",,"","","fulltext","Open Access","BioMed Central Ltd","6109","null"
"Cell Regeneration","","2045-9769",2012-12-01,1,1,,,,"http://link.springer.com/journal/13619",,"","","fulltext","Open Access","BioMed Central Ltd","6543","null"
"Child and Adolescent Psychiatry and Mental Health","","1753-2000",2007-12-01,1,1,,,,"http://link.springer.com/journal/13034",,"","","fulltext","Open Access","BioMed Central Ltd","6112","null"
"Chinese Medicine","","1749-8546",2006-12-01,1,1,,,,"http://link.springer.com/journal/13020",,"","","fulltext","Open Access","BioMed Central Ltd","6113","null"
"Chiropractic & Manual Therapies","","2045-709X",2005-12-01,13,1,,,,"http://link.springer.com/journal/12998",,"","","fulltext","Open Access","BioMed Central Ltd","7647","null"
"Cilia","","2046-2530",2012-11-01,1,1,,,,"http://link.springer.com/journal/13630",,"","","fulltext","Open Access","BioMed Central Ltd","6546","null"
"Clinical Epigenetics","","1868-7083",2010-09-01,1,1,,,,"http://link.springer.com/journal/13148",,"","","fulltext","Open Access","BioMed Central Ltd","5103","null"
"Clinical Proteomics","1542-6416","1559-0275",2004-12-01,1,1,,,,"http://link.springer.com/journal/12014",,"","","fulltext","Open Access","BioMed Central Ltd","4090","null"
"Clinical Sarcoma Research","","2045-3329",2011-12-01,1,1,,,,"http://link.springer.com/journal/13569",,"","","fulltext","Open Access","BioMed Central Ltd","6548","null"
"Clinical and Molecular Allergy","","1476-7961",2003-12-01,1,1,,,,"http://link.springer.com/journal/12948",,"","","fulltext","Open Access","BioMed Central Ltd","6115","null"
"Clinical and Translational Allergy","","2045-7022",2011-12-01,1,1,,,,"http://link.springer.com/journal/13601",,"","","fulltext","Open Access","BioMed Central Ltd","6547","null"
"Clinical and Translational Medicine","","2001-1326",2012-12-01,1,1,,,,"http://link.springer.com/journal/40169",,"","","fulltext","Open Access","Springer","12833","null"
"Conflict and Health","","1752-1505",2007-12-01,1,1,,,,"http://link.springer.com/journal/13031",,"","","fulltext","Open Access","BioMed Central Ltd","6117","null"
"Cost Effectiveness and Resource Allocation","","1478-7547",2003-12-01,1,1,,,,"http://link.springer.com/journal/12962",,"","","fulltext","Open Access","BioMed Central Ltd","6118","null"
"Cough","","1745-9974",2005-12-01,1,1,2014-12-31,10,7,"http://link.springer.com/journal/12997",,"","","fulltext","Ceased: 2014 Open Access","BioMed Central Ltd","6119","null"
"DARU Journal of Pharmaceutical Sciences","","2008-2231",2012-12-01,20,1,,,,"http://link.springer.com/journal/40199",,"","","fulltext","Open Access","BioMed Central Ltd","12834","null"
"Diabetology & Metabolic Syndrome","","1758-5996",2009-12-01,1,1,,,,"http://link.springer.com/journal/13098",,"","","fulltext","Open Access","BioMed Central Ltd","6120","null"
"Diagnostic Pathology","","1746-1596",2006-12-01,1,1,,,,"http://link.springer.com/journal/13000",,"","","fulltext","Open Access","BioMed Central Ltd","6121","null"
"Emerging Themes in Epidemiology","","1742-7622",2004-12-01,1,1,,,,"http://link.springer.com/journal/12982",,"","","fulltext","Open Access","BioMed Central Ltd","6122","null"
"Environmental Evidence","","2047-2382",2012-12-01,1,1,,,,"http://link.springer.com/journal/13750",,"","","fulltext","Open Access","BioMed Central Ltd","11554","null"
"Environmental Health","","1476-069X",2002-12-01,1,1,,,,"http://link.springer.com/journal/12940",,"","","fulltext","Open Access","BioMed Central Ltd","6123","null"
"Epigenetics & Chromatin","","1756-8935",2008-12-01,1,1,,,,"http://link.springer.com/journal/13072",,"","","fulltext","Open Access","BioMed Central Ltd","6125","null"
"European Journal of Medical Research","","2047-783X",2012-12-01,17,1,,,,"http://link.springer.com/journal/40001",,"","","fulltext","Open Access","BioMed Central Ltd","12146","null"
"EvoDevo","","2041-9139",2010-12-01,1,1,,,,"http://link.springer.com/journal/13227",,"","","fulltext","Open Access","BioMed Central Ltd","6126","null"
"Experimental & Translational Stroke Medicine","","2040-7378",2009-12-01,1,1,,,,"http://link.springer.com/journal/13231",,"","","fulltext","Open Access","BioMed Central Ltd","6127","null"
"Experimental Hematology & Oncology","","2162-3619",2012-12-01,1,1,,,,"http://link.springer.com/journal/40164",,"","","fulltext","Open Access","BioMed Central Ltd","12836","null"
"Extreme Physiology & Medicine","","2046-7648",2012-12-01,1,1,,,,"http://link.springer.com/journal/13728",,"","","fulltext","Open Access","BioMed Central Ltd","17933","null"
"Fibrogenesis & Tissue Repair","","1755-1536",2008-12-01,1,1,,,,"http://link.springer.com/journal/13069",,"","","fulltext","Open Access","BioMed Central Ltd","6128","null"
"Flavour","","2044-7248",2012-12-01,1,1,,,,"http://link.springer.com/journal/13411",,"","","fulltext","Open Access","BioMed Central Ltd","6130","null"
"Fluids and Barriers of the CNS","","2045-8118",2004-12-01,1,1,,,,"http://link.springer.com/journal/12987",,"","","fulltext","Open Access","BioMed Central Ltd","12362","null"
"Frontiers in Zoology","","1742-9994",2004-12-01,1,1,,,,"http://link.springer.com/journal/12983",,"","","fulltext","Open Access","BioMed Central Ltd","6131","null"
"Genetics Selection Evolution","0999-193X","1297-9686",1969-03-01,1,1,,,,"http://link.springer.com/journal/12711",,"","","fulltext","Open Access","BioMed Central Ltd","6133","null"
"Genome Integrity","","2041-9414",2010-12-01,1,1,,,,"http://link.springer.com/journal/13220",,"","","fulltext","ceased (2014)","BioMed Central Ltd","6135","null"
"Globalization and Health","","1744-8603",2005-12-01,1,1,,,,"http://link.springer.com/journal/12992",,"","","fulltext","Open Access","BioMed Central Ltd","6138","null"
"Gut Pathogens","","1757-4749",2009-12-01,1,1,,,,"http://link.springer.com/journal/13099",,"","","fulltext","Open Access","BioMed Central Ltd","6139","null"
"Harm Reduction Journal","","1477-7517",2004-12-01,1,1,,,,"http://link.springer.com/journal/12954",,"","","fulltext","Open Access","BioMed Central Ltd","6140","null"
"Head & Face Medicine","","1746-160X",2005-12-01,1,1,,,,"http://link.springer.com/journal/13005",,"","","fulltext","Open Access","BioMed Central Ltd","6141","null"
"Health Research Policy and Systems","","1478-4505",2003-12-01,1,1,,,,"http://link.springer.com/journal/12961",,"","","fulltext","Open Access","BioMed Central Ltd","6144","null"
"Health and Quality of Life Outcomes","","1477-7525",2003-12-01,1,1,,,,"http://link.springer.com/journal/12955",,"","","fulltext","Open Access","BioMed Central Ltd","6143","null"
"Hereditary Cancer in Clinical Practice","1731-2302","1897-4287",2010-12-01,8,1,,,,"http://link.springer.com/journal/13053",,"","","fulltext","Open Access","BioMed Central Ltd","6145","null"
"Herpesviridae","","2042-4280",2010-12-01,1,1,,,,"http://link.springer.com/journal/13276",,"","","fulltext","ceased (2014)","BioMed Central Ltd","6550","null"
"Human Genomics","1473-9542","1479-7364",2012-12-01,6,1,,,,"http://link.springer.com/journal/40246",,"","","fulltext","Open Access","BioMed Central Ltd","13328","null"
"Human Resources for Health","","1478-4491",2003-12-01,1,1,,,,"http://link.springer.com/journal/12960",,"","","fulltext","Open Access","BioMed Central Ltd","6146","null"
"Immunity & Ageing","","1742-4933",2004-12-01,1,1,,,,"http://link.springer.com/journal/12979",,"","","fulltext","Open Access","BioMed Central Ltd","6147","null"
"Implementation Science","","1748-5908",2006-12-01,1,1,,,,"http://link.springer.com/journal/13012",,"","","fulltext","Open Access","BioMed Central Ltd","6149","null"
"Infectious Agents and Cancer","","1750-9378",2006-12-01,1,1,,,,"http://link.springer.com/journal/13027",,"","","fulltext","Open Access","BioMed Central Ltd","6150","null"
"Infectious Diseases of Poverty","","2049-9957",2012-12-01,1,1,,,,"http://link.springer.com/journal/40249",,"","","fulltext","Open Access","BioMed Central Ltd","17943","null"
"International Archives of Medicine","","1755-7682",2008-12-01,1,1,,,,"http://link.springer.com/journal/13038",,"","","fulltext","transfer out (2014): iMedPub.","BioMed Central Ltd","6151","null"
"International Breastfeeding Journal","","1746-4358",2006-12-01,1,1,,,,"http://link.springer.com/journal/13006",,"","","fulltext","Open Access","BioMed Central Ltd","6152","null"
"International Journal for Equity in Health","","1475-9276",2002-12-01,1,1,,,,"http://link.springer.com/journal/12939",,"","","fulltext","Open Access","BioMed Central Ltd","6153","null"
"International Journal of Behavioral Nutrition and Physical Activity","","1479-5868",2004-12-01,1,1,,,,"http://link.springer.com/journal/12966",,"","","fulltext","Open Access","BioMed Central Ltd","6154","null"
"International Journal of Health Geographics","","1476-072X",2002-12-01,1,1,,,,"http://link.springer.com/journal/12942",,"","","fulltext","Open Access","BioMed Central Ltd","6155","null"
"International Journal of Mental Health Systems","","1752-4458",2007-12-01,1,1,,,,"http://link.springer.com/journal/13033",,"","","fulltext","Open Access","BioMed Central Ltd","6156","null"
"International Journal of Pediatric Endocrinology","1687-9848","1687-9856",2011-12-01,,1,,,,"http://link.springer.com/journal/13633",,"","","fulltext","Open Access","BioMed Central Ltd","7286","null"
"Investigative Genetics","","2041-2223",2010-12-01,1,1,,,,"http://link.springer.com/journal/13323",,"","","fulltext","Open Access","BioMed Central Ltd","6552","null"
"Irish Veterinary Journal","","2046-0481",2011-12-01,64,1,,,,"http://link.springer.com/journal/13620",,"","","fulltext","Open Access","BioMed Central Ltd","6553","null"
"Israel Journal of Health Policy Research","","2045-4015",2012-12-01,1,1,,,,"http://link.springer.com/journal/13584",,"","","fulltext","Open Access","BioMed Central Ltd","6554","null"
"Italian Journal of Pediatrics","","1824-7288",2008-12-01,34,1,,,,"http://link.springer.com/journal/13052",,"","","fulltext","Open Access","BioMed Central Ltd","6158","null"
"Journal of Animal Science and Biotechnology","","2049-1891",2012-12-01,3,1,,,,"http://link.springer.com/journal/40104",,"","","fulltext","Open Access","BioMed Central Ltd","12150","null"
"Journal of Biological Engineering","","1754-1611",2007-12-01,1,1,,,,"http://link.springer.com/journal/13036",,"","","fulltext","Open Access","BioMed Central Ltd","6160","null"
"Journal of Biomedical Semantics","","2041-1480",2010-06-01,1,1,,,,"http://link.springer.com/journal/13326",,"","","fulltext","Open Access","BioMed Central Ltd","6162","null"
"Journal of Brachial Plexus and Peripheral Nerve Injury","","1749-7221",2006-12-01,1,1,2014-03-31,,,"http://link.springer.com/journal/13016",,"","","fulltext","transfer out (2014): Thieme","BioMed Central Ltd","6163","null"
"Journal of Cardiothoracic Surgery","","1749-8090",2006-12-01,1,1,,,,"http://link.springer.com/journal/13019",,"","","fulltext","Open Access","BioMed Central Ltd","6164","null"
"Journal of Cardiovascular Magnetic Resonance","1097-6647","1532-429X",2008-10-01,10,1,,,,"http://link.springer.com/journal/12968",,"","","fulltext","Open Access","BioMed Central Ltd","6165","null"
"Journal of Circadian Rhythms","","1740-3391",2003-12-01,1,1,,,,"http://link.springer.com/journal/12973",,"","","fulltext","transfer out (2014): Ubiquity Press","BioMed Central Ltd","6167","null"
"Journal of Clinical Bioinformatics","","2043-9113",2011-12-01,1,1,2015-12-31,5,,"http://link.springer.com/journal/13336",,"","","fulltext","ceased 2016. Available in electronic format only. Open Access; BioMed Central","BioMed Central Ltd","7287","null"
"Journal of Diabetes & Metabolic Disorders","","2251-6581",2012-12-01,11,1,,,,"http://link.springer.com/journal/40200",,"","","fulltext","Open Access","BioMed Central Ltd","12843","null"
"Journal of Ethnobiology and Ethnomedicine","","1746-4269",2005-12-01,1,1,,,,"http://link.springer.com/journal/13002",,"","","fulltext","Open Access","BioMed Central Ltd","6168","null"
"Journal of Experimental & Clinical Cancer Research","","1756-9966",2008-12-01,27,1,,,,"http://link.springer.com/journal/13046",,"","","fulltext","Open Access","BioMed Central Ltd","6169","null"
"Journal of Foot and Ankle Research","","1757-1146",2008-09-01,1,1,,,,"http://link.springer.com/journal/13047",,"","","fulltext","Open Access","BioMed Central Ltd","6170","null"
"Journal of Hematology & Oncology","","1756-8722",2008-12-01,1,1,,,,"http://link.springer.com/journal/13045",,"","","fulltext","Open Access","BioMed Central Ltd","6171","null"
"Journal of Inflammation","","1476-9255",2004-12-01,1,1,,,,"http://link.springer.com/journal/12950",,"","","fulltext","Open Access","BioMed Central Ltd","6173","null"
"Journal of Medical Case Reports","","1752-1947",2007-12-01,1,1,,,,"http://link.springer.com/journal/13256",,"","","fulltext","Open Access","BioMed Central Ltd","6174","null"
"Journal of Molecular Signaling","","1750-2187",2006-12-01,1,1,2014-12-31,9,,"http://link.springer.com/journal/13025",,"","","fulltext","transfer out: Ubiquity Press","BioMed Central Ltd","6175","null"
"Journal of Nanobiotechnology","","1477-3155",2003-12-01,1,1,,,,"http://link.springer.com/journal/12951",,"","","fulltext","Open Access","BioMed Central Ltd","6176","null"
"Journal of Negative Results in BioMedicine","","1477-5751",2002-12-01,1,1,,,,"http://link.springer.com/journal/12952",,"","","fulltext","Open Access","BioMed Central Ltd","6177","null"
"Journal of NeuroEngineering and Rehabilitation","","1743-0003",2004-12-01,1,1,,,,"http://link.springer.com/journal/12984",,"","","fulltext","Open Access","BioMed Central Ltd","6178","null"
"Journal of Neurodevelopmental Disorders","1866-1947","1866-1955",2009-03-01,1,1,,,,"http://link.springer.com/journal/11689",,"","","fulltext","Open Access","BioMed Central Ltd","4661","null"
"Journal of Neuroinflammation","","1742-2094",2004-12-01,1,1,,,,"http://link.springer.com/journal/12974",,"","","fulltext","Open Access","BioMed Central Ltd","6179","null"
"Journal of Occupational Medicine and Toxicology","","1745-6673",2006-12-01,1,1,,,,"http://link.springer.com/journal/12995",,"","","fulltext","Open Access","BioMed Central Ltd","6180","null"
"Journal of Orthopaedic Surgery and Research","","1749-799X",2006-12-01,1,1,,,,"http://link.springer.com/journal/13018",,"","","fulltext","Open Access","BioMed Central Ltd","6181","null"
"Journal of Ovarian Research","","1757-2215",2008-12-01,1,1,,,,"http://link.springer.com/journal/13048",,"","","fulltext","Open Access","BioMed Central Ltd","6182","null"
"Journal of Physiological Anthropology","","1880-6805",2012-12-01,31,1,,,,"http://link.springer.com/journal/40101",,"","","fulltext","Open Access","BioMed Central Ltd","11573","null"
"Journal of Translational Medicine","","1479-5876",2003-06-01,1,1,,,,"http://link.springer.com/journal/12967",,"","","fulltext","Open Access","BioMed Central Ltd","6185","null"
"Journal of Trauma Management & Outcomes","","1752-2897",2007-12-01,1,1,,,,"http://link.springer.com/journal/13032",,"","","fulltext","Open Access","BioMed Central Ltd","6186","null"
"Journal of the International Society of Sports Nutrition","","1550-2783",2004-06-01,1,1,,,,"http://link.springer.com/journal/12970",,"","","fulltext","Open Access","BioMed Central Ltd","6184","null"
"Lipids in Health and Disease","","1476-511X",2002-12-01,1,1,,,,"http://link.springer.com/journal/12944",,"","","fulltext","Open Access","BioMed Central Ltd","6188","null"
"Longevity & Healthspan","","2046-2395",2002-12-01,1,1,2014-12-31,3,,"http://link.springer.com/journal/13685",,"","","fulltext","Ceased (2014)","BioMed Central Ltd","11578","null"
"Malaria Journal","","1475-2875",2002-12-01,1,1,,,,"http://link.springer.com/journal/12936",,"","","fulltext","Open Access","BioMed Central Ltd","6189","null"
"Medical Gas Research","","2045-9912",2011-12-01,1,1,,,,"http://link.springer.com/journal/13618",,"","","fulltext","Open Access","BioMed Central Ltd","6558","null"
"Microbial Cell Factories","","1475-2859",2002-12-01,1,1,,,,"http://link.springer.com/journal/12934",,"","","fulltext","Open Access","BioMed Central Ltd","6190","null"
"Microbial Informatics and Experimentation","","2042-5783",2011-12-01,1,1,2014-12-31,4,1,"http://link.springer.com/journal/13309",,"","","fulltext","Ceased (2014)","BioMed Central Ltd","7649","null"
"Mobile DNA","","1759-8753",2010-12-01,1,1,,,,"http://link.springer.com/journal/13100",,"","","fulltext","Open Access","BioMed Central Ltd","6191","null"
"Molecular Autism","","2040-2392",2010-12-01,1,1,,,,"http://link.springer.com/journal/13229",,"","","fulltext","Open Access","BioMed Central Ltd","6192","null"
"Molecular Brain","","1756-6606",2008-12-01,1,1,,,,"http://link.springer.com/journal/13041",,"","","fulltext","Open Access","BioMed Central Ltd","6193","null"
"Molecular Cancer","","1476-4598",2002-12-01,1,1,,,,"http://link.springer.com/journal/12943",,"","","fulltext","Open Access","BioMed Central Ltd","6194","null"
"Molecular Cytogenetics","","1755-8166",2008-12-01,1,1,,,,"http://link.springer.com/journal/13039",,"","","fulltext","Open Access","BioMed Central Ltd","6195","null"
"Molecular Neurodegeneration","","1750-1326",2006-12-01,1,1,,,,"http://link.springer.com/journal/13024",,"","","fulltext","Open Access","BioMed Central Ltd","6196","null"
"Molecular Pain","","1744-8069",2005-12-01,1,1,,,,"http://link.springer.com/journal/12990",,"","","fulltext","Open Access","BioMed Central Ltd","6197","null"
"Multidisciplinary Respiratory Medicine","1828-695X","2049-6958",2012-12-01,7,1,,,,"http://link.springer.com/journal/40248",,"","","fulltext","Open Access","BioMed Central Ltd","13488","null"
"Neural Development","","1749-8104",2006-12-01,1,1,,,,"http://link.springer.com/journal/13064",,"","","fulltext","Open Access","BioMed Central Ltd","6198","null"
"Nutrition & Metabolism","","1743-7075",2004-12-01,1,1,,,,"http://link.springer.com/journal/12986",,"","","fulltext","Open Access","BioMed Central Ltd","6200","null"
"Nutrition Journal","","1475-2891",2002-12-01,1,1,,,,"http://link.springer.com/journal/12937",,"","","fulltext","Open Access","BioMed Central Ltd","6201","null"
"Orphanet Journal of Rare Diseases","","1750-1172",2006-12-01,1,1,,,,"http://link.springer.com/journal/13023",,"","","fulltext","Open Access","BioMed Central Ltd","6202","null"
"Parasites & Vectors","","1756-3305",2008-12-01,1,1,,,,"http://link.springer.com/journal/13071",,"","","fulltext","Open Access","BioMed Central Ltd","6204","null"
"Particle and Fibre Toxicology","","1743-8977",2004-12-01,1,1,,,,"http://link.springer.com/journal/12989",,"","","fulltext","Open Access","BioMed Central Ltd","6205","null"
"Patient Safety in Surgery","","1754-9493",2007-12-01,1,1,,,,"http://link.springer.com/journal/13037",,"","","fulltext","Open Access","BioMed Central Ltd","6206","null"
"Pediatric Rheumatology","","1546-0096",2007-12-01,5,1,,,,"http://link.springer.com/journal/12969",,"","","fulltext","Open Access","BioMed Central Ltd","6207","null"
"Perioperative Medicine","","2047-0525",2012-12-01,1,1,,,,"http://link.springer.com/journal/13741",,"","","fulltext","Open Access","BioMed Central Ltd","11585","null"
"Philosophy, Ethics, and Humanities in Medicine","","1747-5341",2006-12-01,1,1,,,,"http://link.springer.com/journal/13010",,"","","fulltext","Open Access","BioMed Central Ltd","6208","null"
"Plant Methods","","1746-4811",2005-12-01,1,1,,,,"http://link.springer.com/journal/13007",,"","","fulltext","Open Access","BioMed Central Ltd","6209","null"
"Population Health Metrics","","1478-7954",2003-12-01,1,1,,,,"http://link.springer.com/journal/12963",,"","","fulltext","Open Access","BioMed Central Ltd","6213","null"
"Progress in Biomaterials","2194-0509","2194-0517",2012-12-01,1,1,,,,"http://link.springer.com/journal/40204",,"","","fulltext","Open Access","Springer","13343","null"
"Proteome Science","","1477-5956",2003-12-01,1,1,,,,"http://link.springer.com/journal/12953",,"","","fulltext","Open Access","BioMed Central Ltd","6214","null"
"Radiation Oncology","","1748-717X",2006-12-01,1,1,,,,"http://link.springer.com/journal/13014",,"","","fulltext","Open Access","BioMed Central Ltd","6215","null"
"Reproductive Biology and Endocrinology","","1477-7827",2003-12-01,1,1,,,,"http://link.springer.com/journal/12958",,"","","fulltext","Open Access","BioMed Central Ltd","6216","null"
"Reproductive Health","","1742-4755",2004-12-01,1,1,,,,"http://link.springer.com/journal/12978",,"","","fulltext","Open Access","BioMed Central Ltd","6217","null"
"Retrovirology","","1742-4690",2004-12-01,1,1,,,,"http://link.springer.com/journal/12977",,"","","fulltext","Open Access","BioMed Central Ltd","6219","null"
"Scandinavian Journal of Trauma, Resuscitation and Emergency Medicine","","1757-7241",2008-12-01,16,1,,,,"http://link.springer.com/journal/13049",,"","","fulltext","Open Access","BioMed Central Ltd","6221","null"
"Scoliosis","","1748-7161",2006-12-01,1,1,,,,"http://link.springer.com/journal/13013",,"","","fulltext","Open Access","BioMed Central Ltd","6222","null"
"Skeletal Muscle","","2044-5040",2011-12-01,1,1,,,,"http://link.springer.com/journal/13395",,"","","fulltext","Open Access","BioMed Central Ltd","6224","null"
"Source Code for Biology and Medicine","","1751-0473",2006-12-01,1,1,,,,"http://link.springer.com/journal/13029",,"","","fulltext","Open Access","BioMed Central Ltd","6225","null"
"Substance Abuse Treatment, Prevention, and Policy","","1747-597X",2006-12-01,1,1,,,,"http://link.springer.com/journal/13011",,"","","fulltext","Open Access","BioMed Central Ltd","6228","null"
"Systematic Reviews","","2046-4053",2012-12-01,1,1,,,,"http://link.springer.com/journal/13643",,"","","fulltext","Open Access","BioMed Central Ltd","11592","null"
"Theoretical Biology and Medical Modelling","","1742-4682",2004-12-01,1,1,,,,"http://link.springer.com/journal/12976",,"","","fulltext","Open Access","BioMed Central Ltd","6229","null"
"Thrombosis Journal","","1477-9560",2003-12-01,1,1,,,,"http://link.springer.com/journal/12959",,"","","fulltext","Open Access","BioMed Central Ltd","6230","null"
"Thyroid Research","","1756-6614",2008-12-01,1,1,,,,"http://link.springer.com/journal/13044",,"","","fulltext","Open Access","BioMed Central Ltd","6231","null"
"Tobacco Induced Diseases","2070-7266","1617-9625",2002-03-01,1,1,,,,"http://link.springer.com/journal/12971",,"","","fulltext","Open Access","BioMed Central Ltd","6232","null"
"Translational Neurodegeneration","","2047-9158",2012-12-01,1,1,,,,"http://link.springer.com/journal/40035",,"","","fulltext","Open Access","BioMed Central Ltd","11594","null"
"Transplantation Research","","2047-1440",2012-12-01,1,1,,,,"http://link.springer.com/journal/13737",,"","","fulltext","Open Access","BioMed Central Ltd","11595","null"
"Trials","","1745-6215",2000-04-01,1,1,,,,"http://link.springer.com/journal/13063",,"","","fulltext","Open Access","BioMed Central Ltd","6233","null"
"Vascular Cell","","2045-824X",2009-12-01,1,1,,,,"http://link.springer.com/journal/13221",,"","","fulltext","Open Access","BioMed Central Ltd","12367","null"
"Veterinary Research","0928-4249","1297-9716",2011-12-01,42,1,,,,"http://link.springer.com/journal/13567",,"","","fulltext","Open Access","BioMed Central Ltd","7293","null"
"Virology Journal","","1743-422X",2004-12-01,1,1,,,,"http://link.springer.com/journal/12985",,"","","fulltext","Open Access","BioMed Central Ltd","6234","null"
"World Journal of Emergency Surgery","","1749-7922",2006-12-01,1,1,,,,"http://link.springer.com/journal/13017",,"","","fulltext","Open Access","BioMed Central Ltd","6235","null"
"World Journal of Surgical Oncology","","1477-7819",2003-12-01,1,1,,,,"http://link.springer.com/journal/12957",,"","","fulltext","Open Access","BioMed Central Ltd","6236","null"
"Journal of Otolaryngology - Head and Neck Surgery","1916-0208","1916-0216",2013-12-01,42,1,,,,"http://link.springer.com/journal/40463",,"","","fulltext","Open Access","BC Decker","17959","null"
"Progress in Orthodontics","1723-7785","2196-1042",2013-12-01,14,1,,,,"http://link.springer.com/journal/40510",,"10.1111/(ISSN)1723-7785","","fulltext","Open Access","","201914","null"
"Acta Neuropathologica Communications","","2051-5960",2013-12-01,1,1,,,,"http://link.springer.com/journal/40478",,"","","fulltext","Open Access","","17876","null"
"Advanced Modeling and Simulation in Engineering Sciences","","2213-7467",2014-12-01,1,1,,,,"http://link.springer.com/journal/40323",,"","","fulltext","Open Access","","85602","null"
"Agricultural and Food Economics","","2193-7532",2013-01-01,1,1,,,,"http://link.springer.com/journal/40100",,"","","fulltext","Open Access","","13323","null"
"Annals of Occupational and Environmental Medicine","","2052-4374",2013-12-01,25,1,,,,"http://link.springer.com/journal/40557",,"","","fulltext","Open Access","","17885","null"
"Applied Adhesion Science","","2196-4351",2013-12-01,1,1,,,,"http://link.springer.com/journal/40563",,"","","fulltext","Open Access","","85453","null"
"Applied Informatics","","2196-0089",2014-12-01,1,1,,,,"http://link.springer.com/journal/40535",,"","","fulltext","Chinese Library of Science. Open Access","","72973","null"
"Arabian Journal of Mathematics","2193-5343","2193-5351",2012-04-01,1,1,,,,"http://link.springer.com/journal/40065",,"","","fulltext","Open Access","","12830","null"
"Asia Pacific Journal on Computational Engineering","","2196-1166",2014-12-01,1,1,,,,"http://link.springer.com/journal/40540",,"","","fulltext","Open Access","","86935","null"
"Asian Journal of Gambling Issues and Public Health","","2195-3007",2010-10-01,1,1,,,,"http://link.springer.com/journal/40405",,"","","fulltext","Open Access","","17889","null"
"Basic and Clinical Andrology","","2051-4190",2013-03-01,1,1,,,,"http://link.springer.com/journal/12610",,"","","fulltext","Open Access","","73103","null"
"Biological Research","0716-9760","0717-6287",2014-12-01,47,1,,,,"http://link.springer.com/journal/40659",,"","","fulltext","Transfer in (2014): Sociedad de Biología de Chile. Open Access","","86044","null"
"Biomarker Research","","2050-7771",2013-12-01,1,1,,,,"http://link.springer.com/journal/40364",,"","","fulltext","Open Access","","17897","null"
"Bioresources and Bioprocessing","","2197-4365",2014-12-01,1,1,,,,"http://link.springer.com/journal/40643",,"","","fulltext","New (2014). Chinese Library of Science. Open Access","","86045","null"
"BMC Hematology","","2052-1839",2013-12-01,13,1,,,,"http://link.springer.com/journal/12878",,"","","fulltext","Open Access. Previously: BMC Blood Disorders (2001-2012)","","17892","null"
"BMC Obesity","","2052-9538",2014-12-01,1,1,,,,"http://link.springer.com/journal/40608",,"","","fulltext","new (2014). Open Access","","85720","null"
"BMC Psychology","","2050-7283",2013-12-01,1,1,,,,"http://link.springer.com/journal/40359",,"","","fulltext","Open Access","","17894","null"
"BMC Sports Science, Medicine and Rehabilitation","","2052-1847",2013-01-01,5,1,,,,"http://link.springer.com/journal/13102",,"","","fulltext","Previously: Sports Medicine, Arthroscopy, Rehabilitation, Therapy & Technology (2009-2012). Open Access","","17895","null"
"Botanical Studies","1817-406X","1999-3110",2013-12-01,54,1,,,,"http://link.springer.com/journal/40529",,"","","fulltext","Open Access","","17898","null"
"Brazilian Journal of Science and Technology","","2196-288X",2014-01-01,,,,,,"http://link.springer.com/journal/40552",,"","","fulltext","new (2014). Open Access","","85604","null"
"Business Research","","2198-2627",2008-05-01,1,1,,,,"http://link.springer.com/journal/40685",,"","","fulltext","Transfer in (2014): Verband der Hochschullehrer für Betriebswirtschaft e.V. Open Access","German Academic Association for Business Research","72981","null"
"Canadian Journal of Kidney Health and Disease","","2054-3581",2014-12-01,1,1,,,,"http://link.springer.com/journal/40697",,"","","fulltext","new (2014). Open Access","","86047","null"
"Cancer & Metabolism","","2049-3002",2013-12-01,1,1,,,,"http://link.springer.com/journal/40170",,"","","fulltext","Open Access","","12831","null"
"Cancer Imaging","1740-5025","1470-7330",2014-12-01,14,1,,,,"http://link.springer.com/journal/40644",,"","","fulltext","transfer in (2014): E-Med Ltd. Open Access","","86100","null"
"Canine Genetics and Epidemiology","","2052-6687",2014-12-01,1,1,,,,"http://link.springer.com/journal/40575",,"","","fulltext","new (2014). Open Access","","86048","null"
"Cardiology and Therapy","2193-8261","2193-6544",2012-12-01,1,1,,,,"http://link.springer.com/journal/40119",,"","","fulltext","Open Access","","12832","null"
"Cerebellum & Ataxias","","2053-8871",2014-12-01,1,1,,,,"http://link.springer.com/journal/40673",,"","","fulltext","new (2014). Open Access","","87840","null"
"Chemical and Biological Technologies in Agriculture","","2196-5641",2014-12-01,1,1,,,,"http://link.springer.com/journal/40538",,"","","fulltext","new (2014). Open Access","","86049","null"
"China Finance and Economic Review","","2196-5633",2013-12-01,1,1,,,,"http://link.springer.com/journal/40589",,"","","fulltext","Open Access","","86050","null"
"Avian Research","","2053-7166",2014-12-01,5,1,,,,"http://link.springer.com/journal/40657",,"","","fulltext","Transfer in (2014): Beijing Forestry University. Open Access","","87839","null"
"City, Territory and Architecture","","2195-2701",2014-12-01,1,1,,,,"http://link.springer.com/journal/40410",,"","","fulltext","new (2014). Open Access","","86101","null"
"Climate Change Responses","","2053-7565",2014-12-01,1,1,,,,"http://link.springer.com/journal/40665",,"","","fulltext","new (2014). Open Access","","72988","null"
"Computational Astrophysics and Cosmology","","2197-7909",2014-12-01,1,1,,,,"http://link.springer.com/journal/40668",,"","","fulltext","New (2014). Open Access","","87841","null"
"Computational Social Networks","","2197-4314",2014-12-01,1,1,,,,"http://link.springer.com/journal/40649",,"","","fulltext","New (2014). Open Access","","72992","null"
"Crime Science","","2193-7680",2012-12-01,1,1,,,,"http://link.springer.com/journal/40163",,"","","fulltext","Open Access","","13325","null"
"Decision Analytics","","2193-8636",2014-12-01,1,1,,,,"http://link.springer.com/journal/40165",,"","","fulltext","New (2014). Open Access","","13326","null"
"Drugs in R&D","1174-5886","1179-6901",1999-01-01,1,1,,,,"http://link.springer.com/journal/40268",,"","","fulltext","Open Access","Adis International","17921","null"
"Earth Perspectives","","2194-6434",2014-12-01,1,1,,,,"http://link.springer.com/journal/40322",,"","","fulltext","New (2014). Open Access","","85724","null"
"Earth, Planets and Space","","1880-5981",1998-01-01,50,1,,,,"http://link.springer.com/journal/40623",,"","","fulltext","Transfer in (2014): TERRAPUB. Open Access","","85605","null"
"EJNMMI Physics","","2197-7364",2014-07-01,1,1,,,,"http://link.springer.com/journal/40658",,"","","fulltext","New (2014). Open Access","","86102","null"
"Empirical Research in Vocational Education and Training","","1877-6345",2013-12-01,5,1,,,,"http://link.springer.com/journal/40461",,"","","fulltext","Open Access","","17926","null"
"Environmental Systems Research","","2193-2697",2012-12-01,1,1,,,,"http://link.springer.com/journal/40068",,"","","fulltext","Open Access","","12835","null"
"EPJ Data Science","","2193-1127",2012-12-01,1,1,,,,"http://link.springer.com/journal/13688",,"","","fulltext","Open Access","","12361","null"
"EPJ Nonlinear Biomedical Physics","","2195-0008",2013-12-01,1,1,,,,"http://link.springer.com/journal/40366",,"","","fulltext","Open Access","","17922","null"
"EPJ Quantum Technology","","2196-0763",2004-12-01,1,1,,,,"http://link.springer.com/journal/40507",,"","","fulltext","New (2014). Open Access","","85723","null"
"EPJ Techniques and Instrumentation","","2195-7045",2004-12-01,1,1,,,,"http://link.springer.com/journal/40485",,"","","fulltext","New (2014). Open Access","","86052","null"
"European Journal of Futures Research","2195-4194","2195-2248",2013-12-01,1,1,,,,"http://link.springer.com/journal/40309",,"","","fulltext","Open Access","","17931","null"
"Eye and Vision","","2326-0254",2014-12-01,1,1,,,,"http://link.springer.com/journal/40662",,"","","fulltext","New (2014). Open Access","","72999","null"
"Fashion and Textiles","","2198-0802",2014-12-01,1,1,,,,"http://link.springer.com/journal/40691",,"","","fulltext","New (2014). Open Access","","86940","null"
"Fire Science Reviews","","2193-0414",2012-12-01,1,1,,,,"http://link.springer.com/journal/40038",,"","","fulltext","Open Access","","11557","null"
"Forest Ecosystems","","2197-5620",2014-12-01,1,1,,,,"http://link.springer.com/journal/40663",,"","","fulltext","New (2014). Open Access","","85725","null"
"Friction","","2223-7704",2013-03-01,1,1,,,,"http://link.springer.com/journal/40544",,"","","fulltext","Chinese Library of Science. Open Access","","17935","null"
"Functional Linguistics","","2196-419X",2014-12-01,1,1,,,,"http://link.springer.com/journal/40554",,"","","fulltext","New (2014). Open Access","","87598","null"
"Geoscience Letters","","2196-4092",2014-12-01,1,1,,,,"http://link.springer.com/journal/40562",,"","","fulltext","New (2014). Open Access","","85782","null"
"Geothermal Energy","","2195-9706",2013-12-01,1,1,,,,"http://link.springer.com/journal/40517",,"","","fulltext","Open Access","","85075","null"
"Gold Bulletin","","2190-7579",1997-01-01,30,,,,,"http://link.springer.com/journal/13404",,"","","fulltext","Open access from 97-2015. No longer Open Access. Print and electronic subscription available as of 2016","","6432","null"
"Gynecologic Oncology Research and Practice","","2053-6844",2014-12-01,1,1,,,,"http://link.springer.com/journal/40661",,"","","fulltext","New (2014). Open Access","","73002","null"
"Health & Justice","","2194-7899",2013-12-01,1,1,,,,"http://link.springer.com/journal/40352",,"","","fulltext","Open Access","","85316","null"
"Health Information Science and Systems","","2047-2501",2013-12-01,1,1,,,,"http://link.springer.com/journal/13755",,"","","fulltext","Open Access","","11559","null"
"Heritage Science","","2050-7445",2013-12-01,1,1,,,,"http://link.springer.com/journal/40494",,"","","fulltext","Open Access","","17938","null"
"In Silico Pharmacology","","2193-9616",2013-12-01,1,1,,,,"http://link.springer.com/journal/40203",,"","","fulltext","Open Access","","13403","null"
"Infectious Diseases and Therapy","2193-8229","2193-6382",2012-12-01,1,1,,,,"http://link.springer.com/journal/40121",,"","","fulltext","Open Access","","12839","null"
"Infrastructure Complexity","","2196-3258",2014-12-01,1,1,,,,"http://link.springer.com/journal/40551",,"","","fulltext","New (2014). Open Access","","73010","null"
"Injury Epidemiology","","2197-1714",2014-12-01,1,1,,,,"http://link.springer.com/journal/40621",,"","","fulltext","New (2014). Open Access","","86946","null"
"Integrating Materials and Manufacturing Innovation","","2193-9772",2012-12-01,1,1,,,,"http://link.springer.com/journal/40192",,"","","fulltext","Open Access","","13329","null"
"Intensive Care Medicine Experimental","","2197-425X",2013-12-01,1,1,,,,"http://link.springer.com/journal/40635",,"","","fulltext","Open Access","","85246","null"
"International Journal of Bipolar Disorders","","2194-7511",2013-12-01,1,1,,,,"http://link.springer.com/journal/40345",,"","","fulltext","Open Access","","17945","null"
"International Journal of Concrete Structures and Materials","1976-0485","2234-1315",2012-03-01,6,1,,,,"http://link.springer.com/journal/40069",,"","","fulltext","Open Access","","12840","null"
"International Journal of Dharma Studies","","2196-8802",2013-12-01,1,1,,,,"http://link.springer.com/journal/40613",,"","","fulltext","Open Access","","85317","null"
"International Journal of Food Contamination","","2196-2804",2014-12-01,1,1,,,,"http://link.springer.com/journal/40550",,"","","fulltext","new (2014). Open Access","","86948","null"
"International Journal of STEM Education","","2196-7822",2014-12-01,1,1,,,,"http://link.springer.com/journal/40594",,"","","fulltext","new (2014). Open Access","","87599","null"
"International Transactions on Systems Science and Applications","","2051-5642",,,,,,,"http://link.springer.com/journal/40530",,"","","fulltext","transfer in (2013) : Systemics and Informatics World Network. Open Access.","","73012","null"
"IZA Journal of European Labor Studies","","2193-9012",2012-12-01,1,1,,,,"http://link.springer.com/journal/40174",,"","","fulltext","Open Access","","13331","null"
"IZA Journal of Labor & Development","","2193-9020",2012-12-01,1,1,,,,"http://link.springer.com/journal/40175",,"","","fulltext","Open Access","","13487","null"
"IZA Journal of Labor Economics","","2193-8997",2012-12-01,1,1,,,,"http://link.springer.com/journal/40172",,"","","fulltext","Open Access","","13332","null"
"IZA Journal of Labor Policy","","2193-9004",2012-12-01,1,1,,,,"http://link.springer.com/journal/40173",,"","","fulltext","Open Access","","13333","null"
"IZA Journal of Migration","","2193-9039",2012-12-01,1,1,,,,"http://link.springer.com/journal/40176",,"","","fulltext","Open Access","","13334","null"
"Journal for Immunotherapy of Cancer","","2051-1426",2013-12-01,1,1,,,,"http://link.springer.com/journal/40425",,"","","fulltext","Open Access","","17951","null"
"Journal of Advanced Ceramics","2226-4108","2227-8508",2012-03-01,1,1,,,,"http://link.springer.com/journal/40145",,"","","fulltext","Chinese Library of Science. Open Access","","13335","null"
"Journal of Analytical Science and Technology","","2093-3371",2013-12-01,4,1,,,,"http://link.springer.com/journal/40543",,"","","fulltext","Open Access","","17952","null"
"Journal of Chinese Management","","2195-9897",2014-12-01,1,1,,,,"http://link.springer.com/journal/40527",,"","","fulltext","Open Access","","86108","null"
"Journal of Computational Surgery","","2194-3990",2014-12-01,1,1,,,,"http://link.springer.com/journal/40244",,"","","fulltext","New (2014). Open Access","","14859","null"
"Journal of Eating Disorders","","2050-2974",2013-11-01,1,1,,,,"http://link.springer.com/journal/40337",,"","","fulltext","Open Access","","17954","null"
"Journal of Environmental Health Science and Engineering","","2052-336X",2012-12-01,9,1,,,,"http://link.springer.com/journal/40201",,"","","fulltext","Open Access","","17955","null"
"Journal of Global Entrepreneurship Research","2228-7566","2251-7316",2014-12-01,4,1,,,,"http://link.springer.com/journal/40497",,"","","fulltext","Open Access","","86952","null"
"Journal of Industrial Engineering International","1735-5702","2251-712X",2012-12-01,8,1,,,,"http://link.springer.com/journal/40092",,"","","fulltext","Open Access","","13337","null"
"Journal of Intensive Care","","2052-0492",2013-12-01,1,1,,,,"http://link.springer.com/journal/40560",,"","","fulltext","Open Access","","85247","null"
"Journal of Interaction Science","","2194-0827",2013-12-01,1,1,,,,"http://link.springer.com/journal/40166",,"","","fulltext","Open Access","","13338","null"
"Journal of Invasive and Interventional Cardiology","","2054-1783",,,,,,,"http://link.springer.com/journal/40672",,"","","fulltext","New (2015). Open Access","","73017","null"
"Journal of Modern Power Systems and Clean Energy","2196-5625","2196-5420",2013-06-01,1,1,,,,"http://link.springer.com/journal/40565",,"","","fulltext","Chinese Library of Science. Open Access","","17957","null"
"Journal of Modern Transportation","","2196-0577",2011-03-01,19,1,,,,"http://link.springer.com/journal/40534",,"","","fulltext","Chinese Library of Science.  Open Access","","17958","null"
"Journal of Molecular Psychiatry","","2049-9256",2013-12-01,1,1,,,,"http://link.springer.com/journal/40303",,"","","fulltext","Open Access","","14861","null"
"Journal of Pharmaceutical Policy and Practice","","2052-3211",2013-12-01,6,1,,,,"http://link.springer.com/journal/40545",,"","","fulltext","Open Access","","17960","null"
"Journal of Software Engineering Research and Development","","2195-1721",2013-12-01,1,1,,,,"http://link.springer.com/journal/40411",,"","","fulltext","Open Access","","85248","null"
"Journal of Solid State Lighting","","2196-1107",2014-12-01,1,1,,,,"http://link.springer.com/journal/40539",,"","","fulltext","new (2014). Open Access","","86056","null"
"Journal of Statistical Distributions and Applications","","2195-5832",2014-12-01,1,1,,,,"http://link.springer.com/journal/40488",,"","","fulltext","new (2014). Open Access","","86954","null"
"Journal of Therapeutic Ultrasound","","2050-5736",2013-12-01,1,1,,,,"http://link.springer.com/journal/40349",,"","","fulltext","Open Access","","17961","null"
"Journal of Trust Management","","2196-064X",2014-12-01,1,1,,,,"http://link.springer.com/journal/40493",,"","","fulltext","new (2014). Open Access","","86111","null"
"Journal of Uncertainty Analysis and Applications","","2195-5468",2013-12-01,1,1,,,,"http://link.springer.com/journal/40467",,"","","fulltext","Chinese Library of Science. Open Access","","17963","null"
"Journal of Venomous Animals and Toxins including Tropical Diseases","","1678-9199",2013-12-01,19,1,,,,"http://link.springer.com/journal/40409",,"","","fulltext","Open Access","","17964","null"
"Language Testing in Asia","","2229-0443",2013-12-01,3,1,,,,"http://link.springer.com/journal/40468",,"","","fulltext","Open Access","","17968","null"
"Large-scale Assessments in Education","","2196-0739",2013-12-01,1,1,,,,"http://link.springer.com/journal/40536",,"","","fulltext","Open Access","","17969","null"
"Latin American Economic Review","","2196-436X",2014-12-01,23,1,,,,"http://link.springer.com/journal/40503",,"","","fulltext","transfer in (2014): IDE (Centro de Investigación y Docencia Económica). Open Access","","85607","null"
"Maritime Studies","","2212-9790",2012-12-01,11,1,,,,"http://link.springer.com/journal/40152",,"","","fulltext","Open Access","","13340","null"
"Materials for Renewable and Sustainable Energy","","2194-1467",2012-12-01,1,1,,,,"http://link.springer.com/journal/40243",,"","","fulltext","Open Access","","13341","null"
"Mathematical Sciences","2008-1359","2251-7456",2011-01-01,,,,,,"http://link.springer.com/journal/40096",,"","","fulltext","Open Access","","11579","null"
"Micro and Nano Systems Letters","","2213-9621",2013-12-01,1,1,,,,"http://link.springer.com/journal/40486",,"","","fulltext","Open Access","","17977","null"
"Microbiome","","2049-2618",2013-12-01,1,1,,,,"http://link.springer.com/journal/40168",,"","","fulltext","Open Access","","12844","null"
"Molecular and Cellular Pediatrics","","2194-7791",2014-12-01,1,1,,,,"http://link.springer.com/journal/40348",,"","","fulltext","New (2014). Open Access","","87602","null"
"Molecular and Cellular Therapies","","2052-8426",2013-12-01,1,1,,,,"http://link.springer.com/journal/40591",,"","","fulltext","Open Access","","85249","null"
"Movement Ecology","","2051-3933",2013-12-01,1,1,,,,"http://link.springer.com/journal/40462",,"","","fulltext","Open Access","","17980","null"
"mUX: the Journal of Mobile User Experience","","2196-873X",2012-02-01,1,1,,,,"http://www.muxjournal.com/content",,"","","fulltext","Open Access. This journal will cease to be published by SpringerOpen as of 31/12/2016","","73021","null"
"Fungal Biology and Biotechnology","","2054-3085",2014-12-01,1,1,,,,"http://link.springer.com/journal/40694",,"","","fulltext","New (2014). Open Access","","73022","null"
"Nano Convergence","","2196-5404",2014-12-01,1,1,,,,"http://link.springer.com/journal/40580",,"","","fulltext","New (2014). Open Access","","85730","null"
"Netherlands Heart Journal","1568-5888","1876-6250",2007-01-01,15,1,,,,"http://link.springer.com/journal/12471",,"","","fulltext","Open Access","","5322","null"
"Neurology and Therapy","2193-8253","2193-6536",2012-12-01,1,1,,,,"http://link.springer.com/journal/40120",,"","","fulltext","Open Access","","12845","null"
"New Zealand Journal of Forestry Science","","1179-5395",2013-12-01,43,1,,,,"http://link.springer.com/journal/40490",,"","","fulltext","Open Access","","17981","null"
"Ophthalmology and Therapy","2193-8245","2193-6528",2012-12-01,1,1,,,,"http://link.springer.com/journal/40123",,"","","fulltext","Open Access","","12846","null"
"Pain and Therapy","2193-8237","2193-651X",2012-12-01,1,1,,,,"http://link.springer.com/journal/40122",,"","","fulltext","Open Access","","12847","null"
"Perspectives on Medical Education","2212-2761","2212-277X",2012-03-01,1,1,,,,"http://link.springer.com/journal/40037",,"","","fulltext","Order through Bohn Stafleu van Loghum. Open Access","","11586","null"
"Progress in Earth and Planetary Science","","2197-4284",2014-12-01,1,1,,,,"http://link.springer.com/journal/40645",,"","","fulltext","new (2014). Open Access","","86058","null"
"Rare Cancers and Therapy","2195-6014","2195-6022",2013-12-01,1,1,,,,"http://link.springer.com/journal/40487",,"","","fulltext","Open Access","","85089","null"
"Regenerative Medicine Research","","2050-490X",2013-12-01,1,1,2015-12-31,3,1,"http://link.springer.com/journal/40340",,"","","fulltext","transfer out (2016): EDP. Open Access","","85240","null"
"ROBOMECH Journal","","2197-4225",2014-12-01,1,1,,,,"http://link.springer.com/journal/40648",,"","","fulltext","new (2014). Open Access","","86955","null"
"Robotics and Biomimetics","","2197-3768",2014-12-01,1,1,,,,"http://link.springer.com/journal/40638",,"","","fulltext","new (2014). Open Access","","87606","null"
"Smart Learning Environments","","2196-7091",2014-12-01,1,1,,,,"http://link.springer.com/journal/40561",,"","","fulltext","new (2014). Open Access","","73033","null"
"Sustainable Chemical Processes","","2043-7129",2013-12-01,1,1,,,,"http://link.springer.com/journal/40508",,"","","fulltext","Open Access","","17999","null"
"Translational Respiratory Medicine","","2213-0802",2013-12-01,1,1,2015-12-31,3,,"http://link.springer.com/journal/40247",,"","","fulltext","ceased 2016. New Start in 2013. Available in electronic format only. Open Access; Springer","","13344","null"
"Triple Helix","","2197-1927",2014-12-01,1,1,,,,"http://link.springer.com/journal/40604",,"","","fulltext","new (2014). Open Access","","86958","null"
"Vietnam Journal of Computer Science","2196-8888","2196-8896",2014-02-01,1,1,,,,"http://link.springer.com/journal/40595",,"","","fulltext","new (2014). Open Access","","85253","null"
"Visualization in Engineering","","2213-7459",2013-12-01,1,1,,,,"http://link.springer.com/journal/40327",,"","","fulltext","Open Access","","18007","null"
"Women's Midlife Health","","2054-2690",2011-12-01,4,1,,,,"http://link.springer.com/journal/40695",,"","","fulltext","new (2015). Open Access","","73054","null"
"World Allergy Organization Journal","","1939-4551",2011-12-01,4,1,,,,"http://link.springer.com/journal/40413",,"","","fulltext","Open Access","Lippincott Williams & Wilkins, Inc.","18009","null"
"Zoological Studies","","1810-522X",2015-12-01,52,1,,,,"http://link.springer.com/journal/40555",,"","","fulltext","Transfer out (2016). Take-over in 2013. Available in electronic format only. Open Access; Springer","","18011","null"
"Journal of Compassionate Health Care","2053-2393","",2014-12-01,1,1,,,,"http://link.springer.com/journal/40639",,"","","fulltext","New (2014). Open Access","","73114","null"
"Brain Informatics","2198-4018","2198-4026",2014-12-01,1,1,,,,"http://link.springer.com/journal/40708",,"","","fulltext","new (2014). Open Access","","87596","null"
"International Journal of Implant Dentistry","","2198-4034",2015-01-12,1,1,,,,"http://journalimplantdent.springeropen.com/",,"","","fulltext","Open Access","","88686","null"
"Journal of Clinical Movement Disorders","","2054-7072",2014-12-01,1,1,2016-12-01,3,1,"http://link.springer.com/journal/40734",,"","","fulltext","New (2014). Open Access","","88284","null"
"Lingua Sinica","","2197-6678",2015-12-01,1,1,,,,"http://link.springer.com/journal/40655",,"","","fulltext","new (2015). Open Access","","73166","null"
"Rheumatology and Therapy","","2198-6584",2014-12-01,1,1,,,,"http://link.springer.com/journal/40744",,"","","fulltext","new (2014). Open Access","","86957","null"
"International Journal of Geo-Engineering","","2198-2783",2015-12-01,6,1,,,,"http://link.springer.com/journal/40703",,"","","fulltext","transfer in (2014): Korean Geotechnical Society. Open Access","","73168","null"
"International Journal of Mechanical and Materials Engineering","","2198-2791",2014-12-01,9,1,,,,"http://link.springer.com/journal/40712",,"","","fulltext","transfer in (2014):  University of Malaya. Open Access","","86949","null"
"Pacific Journal of Mathematics for Industry","","2198-4115",2014-12-01,6,1,,,,"http://link.springer.com/journal/40736",,"","","fulltext","transfer in (2014): Institute of Mathematics for Industry. Open Access","","87604","null"
"Military Medical Research","","2054-9369",2014-12-01,1,1,,,,"http://link.springer.com/journal/40779",,"","","fulltext","New (2014). Open Access","","86057","null"
"Biomaterials Research","1226-4601","2055-7124",2014-12-01,1,1,,,,"http://link.springer.com/journal/40824",,"","","fulltext","transfer in (2014): Korean Society for Biomaterials Research. Open Access","","86936","null"
"Research in the Mathematical Sciences","","2197-9847",2014-12-01,1,1,,,,"http://link.springer.com/journal/40687",,"","","fulltext","Open Access","","87605","null"
"Clinical Hypertension","","2056-5909",2014-12-01,20,1,,,,"http://link.springer.com/journal/40885",,"","","fulltext","transfer in (2014): The Korean Society of Hypertension. Open Access","","74867","null"
"Archives of Public Health","0778-7367","2049-3258",2011-12-01,68,4,,,,"http://link.springer.com/journal/13690",,"","","fulltext","Open Access","","85087","null"
"Nano-Micro Letters","2311-6706","2150-5551",2009-12-01,1,1,,,,"http://link.springer.com/journal/40820",,"","","fulltext","transfer in (2014): Open Access House of Science & Technology. Chinese Library of Science. Open Access","","87603","null"
"Borderline Personality Disorder and Emotion Dysregulation","","2051-6673",2014-12-01,1,1,,,,"http://link.springer.com/journal/40479",,"","","fulltext","new (2014). Open Access","","86046","null"
"Journal of Animal Science and Technology","","2055-0391",2014-12-01,56,1,,,,"http://link.springer.com/journal/40781",,"","","fulltext","transfer in (2014): Korean Society of Animal Science and Technology. Open Access","","86106","null"
"Journal of Biological Research-Thessaloniki","","2241-5793",2014-12-01,21,1,,,,"http://link.springer.com/journal/40709",,"","","fulltext","New (2014). Open Access","","86107","null"
"International Journal of Coal Science & Technology","2095-8293","2198-7823",2014-03-01,1,1,,,,"http://link.springer.com/journal/40789",,"","","fulltext","Chinese Library of Science. Open Access","","86947","null"
"Advanced Structural and Chemical Imaging","","2198-0926",2015-03-01,1,,,,,"http://link.springer.com/journal/40679",,"","","fulltext","Open Access","","88911","null"
"AIDS Research and Therapy","","1742-6405",2004-12-01,1,1,,,,"http://link.springer.com/journal/12981",,"","","fulltext","Open Access","","6023","null"
"Animal Biotelemetry","","2050-3385",2013-12-01,1,1,,,,"http://link.springer.com/journal/40317",,"","","fulltext","Open Access","","17884","null"
"BMC Nutrition","","2055-0928",2015-12-01,1,1,,,,"http://link.springer.com/journal/40795",,"","","fulltext","new (2015). Open Access","","88684","null"
"Chinese Journal of Cancer","","1944-446X",2015-12-01,34,1,,,,"http://link.springer.com/journal/40880",,"","","fulltext","transfer in (2015): Sun Yat-sen University Cancer Center. Open Access","","88685","null"
"Clinical Diabetes and Endocrinology","","2055-8260",2015-12-01,,,,,,"http://link.springer.com/journal/40842",,"","","fulltext","new (2015). Open Access","","89427","null"
"Contraception and Reproductive Medicine","","2055-7426",2016-12-01,1,1,,,,"http://link.springer.com/journal/40834",,"","","fulltext","new (2015). Open Access","","99487","null"
"COPD Research and Practice","","2054-9040",2015-12-01,1,1,,,,"http://link.springer.com/journal/40749",,"","","fulltext","new (2015). Open Access","","89934","null"
"Disaster and Military Medicine","","2054-314X",2015-12-01,1,1,,,,"http://link.springer.com/journal/40696",,"","","fulltext","new (2015). Open Access","","73164","null"
"Drug Safety - Case Reports","2199-1162","2198-977X",2014-12-01,1,1,,,,"http://link.springer.com/journal/40800",,"","","fulltext","Open Access","","88044","null"
"Drugs - Real World Outcomes","2199-1154","2198-9788",2014-12-01,1,1,,,,"http://link.springer.com/journal/40801",,"","","fulltext","Open Access","","87951","null"
"Fertility Research and Practice","","2054-7099",2015-12-01,1,1,,,,"http://link.springer.com/journal/40738",,"","","fulltext","Open Access","","89212","null"
"Future Cities and Environment","","2363-9075",2015-12-01,1,1,,,,"http://link.springer.com/journal/40984",,"","","fulltext","New (2015). Open Access","","89962","null"
"Genes and Environment","","1880-7062",2015-12-01,37,1,,,,"http://link.springer.com/journal/41021",,"","","fulltext","Transfer out (2015): Japanese Environmental Mutagen Society. Open Access","","89435","null"
"International Journal for Educational Integrity","","1833-2595",2015-12-01,11,1,,,,"http://link.springer.com/journal/40979",,"","","fulltext","transfer in (2015): Asia Pacific Forum on Educational Integrity. Open Access","","89436","null"
"International Journal of Quality Innovation","","2363-7021",2015-12-01,1,1,,,,"http://link.springer.com/journal/40887",,"","","fulltext","Open Access","","89206","null"
"International Journal of Retina and Vitreous","","2056-9920",2015-01-01,1,1,,,,"http://link.springer.com/journal/40942",,"","","fulltext","new (2015). Open Access","","89086","null"
"Journal of Chinese Studies","","2199-868X",,,,,,,"http://link.springer.com/journal/40853",,"","","fulltext","new (2015). Open Access","","","null"
"Journal of Pharmaceutical Health Care and Sciences","","2055-0294",2015-12-01,1,1,,,,"http://link.springer.com/journal/40780",,"","","fulltext","new (2015). Open Access","","88483","null"
"Maternal Health, Neonatology and Perinatology","","2054-958X",2015-12-01,1,1,,,,"http://link.springer.com/journal/40748",,"","","fulltext","Open Access","","88484","null"
"Multiple Sclerosis and Demyelinating Disorders","","2056-6115",2016-12-01,1,1,,,,"http://link.springer.com/journal/40893",,"","","fulltext","new (2015). Open Access, Content not yet available","","","null"
"Neuropsychiatric Electrophysiology","","2055-4788",2015-12-01,1,1,,,,"http://link.springer.com/journal/40810",,"","","fulltext","new (2015). Open Access,","","89208","null"
"Neurovascular Imaging","","2055-5792",2015-12-01,1,1,,,,"http://link.springer.com/journal/40809",,"","","fulltext","new (2015). Open Access","","89946","null"
"Pilot and Feasibility Studies","","2055-5784",2015-12-01,1,1,,,,"http://link.springer.com/journal/40814",,"","","fulltext","new (2015). Open Access","","88916","null"
"Porcine Health Management","","2055-5660",2015-12-01,1,1,,,,"http://link.springer.com/journal/40813",,"","","fulltext","new (2015). Open Access,","","89213","null"
"Pulmonary Therapy","2364-1754","2364-1746",2015-01-01,1,1,,,,"http://link.springer.com/journal/41030",,"","","fulltext","Open Access","","90088","null"
"Research Involvement and Engagement","","2056-7529",2015-12-01,1,1,,,,"http://link.springer.com/journal/40900",,"","","fulltext","new (2015). Open Access","","89948","null"
"Safety in Health","","2056-5917",2015-01-01,1,1,,,,"http://link.springer.com/journal/40886",,"","","fulltext","Open Access","","89950","null"
"Sexually Transmited Diseases and Sexual Health","","2055-0529",,,,,,,"http://link.springer.com/journal/40796",,"","","fulltext","Open Access","","","null"
"Smart Water","","2198-2619",2016-12-01,1,1,,,,"http://link.springer.com/journal/40713",,"","","fulltext","transfer in (2015): W. Bertelsmann Verlag. Open Access","","","null"
"Standards in Genomic Sciences","","1944-3277",2009-07-01,1,1,,,,"http://link.springer.com/journal/40793",,"","","fulltext","transfer in (2014): Genomic Standards Consortium. Open Access","","89090","null"
"Tropical Diseases, Travel Medicine and Vaccines","","2055-0936",2015-01-01,1,1,,,,"http://link.springer.com/journal/40794",,"","","fulltext","new (2015). Open Access","","89952","null"
"Urban Rail Transit","2199-6687","2199-6679",2009-12-01,1,1,,,,"http://link.springer.com/journal/40864",,"","","fulltext","Chinese Library of Science. Open Access","","88920","null"
"Zeitschrift für Weiterbildungsforschung - Report","2364-0014","2364-0022",2015-04-01,38,1,,,,"http://link.springer.com/journal/40955",,"","","fulltext","trasnfer in (2015): W. Bertelsmann Verlag. Open Access","","88689","null"
"Zoological Letters","","2056-306X",2015-01-12,1,1,,,,"http://link.springer.com/journal/40851",,"","","","new (2015). Open Access","","88288","null"
"Asian-Pacific Journal of Second and Foreign Language Education","","2363-5169",2016-12-01,,,,,,"http://link.springer.com/journal/40862",,"","","fulltext","New (2015). Open Access","","","null"
"Asia-Pacific Science Education","","2364-1177",2015-12-01,1,1,,,,"http://link.springer.com/journal/41029
",,"","","fulltext","New (2015). Open Access","","99099","null"
"Asthma Research and Practice","","2054-7064",2015-12-01,1,1,,,,"http://link.springer.com/journal/volumesAndIssues/40733",,"","","fulltext","New (2015). Open Access ","","89424","null"
"China Journal of Economic Research","","2199-4722",,,,,,,"http://www.cjer-journal.com",,"","","fulltext","Open Access","","","null"
"Coaching | Theorie & Praxis","","2364-5148",2015-10-01,1,1,,,,"http://link.springer.com/journal/40896",,"","","fulltext","new (2015). Open Access","","89428","null"
"NOHA Journal of International Humanitarian Action","2364-3412","2364-3404",2016-01-01,1,1,,,,"http://link.springer.com/journal/41018",,"","","fulltext","new (2015). Open Access","","99490","null"
"Arthritis Research & Therapy","1478-6354","1478-6362",1999-06-01,1,1,,,,"http://link.springer.com/journal/13075",,"","","fulltext","Open Access","","6030","null"
"Critical Care","1364-8535","1466-609X",2006-02-01,3,1,2015-12-31,12,1,"http://link.springer.com/journal/13054",,"","","fulltext","ceased 2016. Open Access","","6352","null"
"Data Science and Engineering","2364-1185","2364-1541",2016-03-01,1,1,,,,"http://link.springer.com/journal/41019",,"","","fulltext","Open Access. New for 2016","","90087","null"
"Acta Seismologica Sinica","1000-9116","1993-1344",1988-01-01,1,1,2008-12-31,21,6,"http://link.springer.com/journal/11589",,"","","fulltext","now: Earthquake Science","","2882","null"
"Respiratory Research","1465-9921","1465-993X",2000-04-01,1,1,,,,"http://link.springer.com/journal/12931",,"","","fulltext","Open Access","","6218","null"
"Human-Centric Computing and Information Sciences","","2192-1962",2011-01-01,1,,,,,"http://www.hcis-journal.com",,"","","","Open Access","Springer Berlin Heidelberg","7285","null"
"Pastoralism","","2041-7136",2011-01-01,1,,,,,"http://pastoralismjournal.springeropen.com/",,"","","fulltext","Open Access","Springer Netherlands","6440","null"
"Psychology of Well-Being","","2211-1522",2011-01-01,1,,,,,"http://www.psywb.com",,"","","fulltext","Open Access","Springer Berlin Heidelberg","6604","null"
"Complex Adaptive Systems Modeling","","2194-3206",2013-12-01,1,1,,,,"http://www.casmodeling.com/archive",,"","","fulltext","Open Access","","17906","null"
"Complex Analysis and its Synergies","","2197-120X",2015-12-01,1,,,,,"http://link.springer.com/journal/40627",,"","","fulltext","New (2014). Open Access","","72989","null"
"Computational Cognitive Science","","2195-3961",2015-12-01,1,1,,,,"http://link.springer.com/journal/40469",,"","","fulltext","New (2013). Open Access","","72991","null"
"Crisis Communications","","2194-9794",,,,,,,"http://www.crisiscommunicationsjournal.com/",,"","","fulltext","ceased (2014)","","72993","null"
"In Silico Cell and Tissue Science","","2196-050X",2014-10-01,1,,,,,"http://www.in-silico-cell-and-tissue-science.com/",,"","","fulltext","New (2014). Open Access","","73008","null"
"Journal of Big Data","","2196-1115",2015-12-01,2,1,,,,"http://journalofbigdata.springeropen.com/",,"","","fulltext","Open Access","","73014","null"
"Journal of Frugal Innovation","","2197-7917",2015-11-01,1,,,,,"http://jfrugal.springeropen.com/",,"","","fulltext","Open Access","","73016","null"
"Life Sciences, Society and Policy","","2195-7819",2013-12-01,9,1,,,,"http://www.lsspjournal.com",,"","","fulltext","Open Access. Previously: Genomics, Society and Policy","","17971","null"
"NRL Advances","","2197-375X",,,,,,,"http://www.nrladvances.com/",,"","","fulltext","Open Access","","73025","null"
"Revista Chilena de Historia Natural","0716-078X","0717-6317",2014-12-01,87,1,,,,"http://www.springer.com/life+sciences/ecology/journal/40693",,"","","fulltext","transfer in (2014): Sociedad de Biología de Chile. Open Access","","86956","null"
"Scalable Computing","","2194-6876",,,,,,,"http://www.scalablecomputingjournal.com/",,"","","fulltext","ceased (2014)","","73032","null"
"Textiles and Clothing Sustainability","","2197-9936",2015-12-01,1,,,,,"http://link.springer.com/journal/40689",,"","","fulltext","Open Access","","73046","null"
"Geoenvironmental Disasters","","2197-8670",2014-12-01,1,1,,,,"http://geoenvironmental-disasters.springeropen.com/",,"","","fulltext","New (2014). Open Access","","73165","null"
"International Journal of Child Care and Education Policy","","2288-6729",2007-05-01,1,1,,,,"http://ijccep.springeropen.com/",,"","","fulltext","transfer in (2014): Korea Institute of Child Care and Education. Open Access","","73167","null"
"3D-Printed Materials and Systems","","2363-8389",,,,,,,"http://printedmaterialssystems.springeropen.com/",,"","","fulltext","Open Access Content not yet available","","","null"
"Asian Journal of German and European Studies","","2199-4579",2016-12-01,1,1,,,,"http://link.springer.com/journal/40856
",,"","","fulltext","New (2016). Open Access","","","null"
"Bandung: Journal of the Global South","","2198-3534",2015-02-01,,,,,,"http://link.springer.com/journal/40728",,"","","fulltext","New (2014). Open Access","","89083","null"
"Clinical Phytoscience","","2199-1197",2015-08-01,1,,,,,"http://link.springer.com/journal/40816",,"","","fulltext","Open Access","","89936","null"
"Comparative Migration Studies","","2214-594X",2013-01-01,1,1,,,,"http://link.springer.com/journal/40878
",,"","","fulltext","transfer in (2015): Amsterdam University Press. Open Access","","89199","null"
"Fields Mathematics Education Journal","","1925-6639",2015-01-01,3,,,,,"http://fieldsmathed.springeropen.com/",,"","","fulltext","Open Access. transfer in (2015): Fields Institute for Research in Mathematical Sciences","","","null"
"Financial Innovation","","2199-4730",2015-12-01,1,1,,,,"http://link.springer.com/journal/40854",,"","","fulltext","New (2015). Open Access","","89432","null"
"Journal of Experimental Orthopaedics","","2197-1153",2014-12-01,1,1,,,,"http://jeo-esska.springeropen.com/",,"","","fulltext","New (2014). Open Access","","86950","null"
"Journal of Open Innovation","","2199-8531",2015-12-01,1,1,,,,"http://link.springer.com/journal/40852",,"","","fulltext","Open Access","","89944","null"
"Genomics, Society and Policy","","1746-5354",2005-01-01,1,,2012-12-31,8,,"http://www.lsspjournal.com",,"","","fulltext","now: Life Sciences, Society and Policy. Open Access","","88695","null"
"Maxillofacial Plastic and Reconstructive Surgery","","2288-8586",2015-12-01,37,1,,,,"http://jkamprs.springeropen.com/",,"","","fulltext","Transfer in (2015): Korean Association of Maxillofacial Plastic and Reconstructive Surgeons. Open Access","","88485","null"
"Mechanics of Advanced Materials and Modern Processes","","2198-7874",2015-05-01,1,,,,,"http://mammp-journal.springeropen.com/",,"","","fulltext","Open Access","","89207","null"
"Open Geospatial Data, Software and Standards","","2363-7501",2016-12-01,1,1,,,,"http://link.springer.com/journal/40965",,"","","fulltext","Open Access","","","null"
"Renewables: Wind, Water, and Solar","","2198-994X",2015-12-01,1,1,,,,"http://link.springer.com/journal/40807",,"","","fulltext","Open Access","","88918","null"
"Research in Number Theory","","2363-9555",2015-12-01,1,1,,,,"http://link.springer.com/journal/40993",,"","","fulltext","new (2015). Open Access","","89210","null"
"Sports Medicine - Open","2199-1170","2198-9761",2015-01-12,1,1,,,,"http://link.springer.com/journal/40851",,"","","fulltext","new (2015). Open Access","","88486","null"
"Surgical Case Reports","","2198-7793",2015-12-01,1,1,,,,"http://surgicalcasereports.springeropen.com/",,"","","fulltext","New (2015). Open Access","","88487","null"
"Technology, Innovation and Education","","2197-9855",2015-12-01,1,1,,,,"http://link.springer.com/journal/40660",,"","","fulltext","Open Access","","99041","null"
"The Journal of Chinese Sociology","","2198-2635",2014-12-01,1,1,,,,"http://journalofchinesesociology.springeropen.com/",,"","","fulltext","New (2014): Open Access","","87959","null"
"Complex & Intelligent Systems","2199-4536","2198-6053",2015-09-01,1,3,,,,"http://link.springer.com/journal/40747
",,"","","fulltext","Open Access","","89429","null"
